3C66w5Z0ixs,I ASKED HER TO BE MY GIRLFRIEND...
M9Pmf9AB4Mo,Apex Legends | Stories from the Outlands ‚Äì ‚ÄúThe Endorsement‚Äù
J78aPJ3VyNs,I left youtube for a month and THIS is what happened.
kXLn3HkpjaA,XXL 2020 Freshman Class Revealed - Official Announcement
VIUo6yapDbc,Ultimate DIY Home Movie Theater for The LaBrant Family!
w-aidBdvZo8,I Haven't Been Honest About My Injury.. Here's THE TRUTH
uet14uf9NsE,OUR FIRST FAMILY INTRO!!
ua4QMFQATco,CGP Grey was WRONG
SnsPZj91R7E,SURPRISING MY DAD WITH HIS DREAM TRUCK!! | Louie's Life
SsWHMAhshPQ,Ovi x Natanael Cano x Aleman x Big Soto - Vengo De Nada [Official Video]
49Z6Mv4_WCA,i don't know what im doing anymore
nt3VVyv5pxQ,Try Not To Laugh Challenge #51
I6hswz4rIrU,Rainbow Six Siege: Operation Shadow Legacy Reveal Trailer | Ubisoft [NA]
W7VK4DUHvKU,Lil Yachty & Future - Pardon Me (Official Video)
W9Aen8hG20Y,When Our Generation Gets Old and Hears a Throwback Song 5
BNeDH6UTmXw,Ten Minutes with Tyler Cameron | Q&A
6TIsR_7nrNc,Kylie Jenner Reacts To 'WAP' Music Video Backlash
gPdUslndvVI,Our Farm Got Destroyed.
GTp-0S82guE,Time to Talk..
jbGRowa5tIk,ITZY ‚ÄúNot Shy‚Äù M/V TEASER
vePc5V4h_kg,Shark Attack Test- Human Blood vs. Fish Blood
5WjcDji3xYc,Honest Trailers | Avatar: The Last Airbender
FopIxceEr8g,EXTREME Game of Hide and Seek in my NEW HOUSE!!
p7HGUZWq_8s,Doing Doja Cat‚Äôs Makeup!!
AMXT1ok5UBg,THIS IS THE END.
mLOe7vGI0YI,Beerus VS Sailor Galaxia (Dragon Ball VS Sailor Moon) | DEATH BATTLE!
Que4RnxYLNc,iann dior ‚Äì Prospect ft. Lil Baby (Official Video)
z5l8ovbw_6M,Don't be a Tourist
2avPJ9TZNmU,Juice WRLD & The Weeknd - Smile (Official Video)
PT6hPvOqTYc,Being replaced.
9nidKH8cM38,TAXI CAB SLAYER KILLS 'TO KNOW HOW IT FEELS'
CezxKs9YLv0,"Here's Why We Do Sponsored Videos, What Are Your Thoughts?"
GYeKX_LPY9U,15 Friendliest Sea Creatures Around The World
9AecsACtkB4,Watch Secret Service agents pull Trump from a press briefing after shooting outside the White House
aG8QsfDisdg,"Hundreds of looters target stores downtown, across Chicago overnight; 100 arrested"
GGEBtW2mWOk,Addressing RUMORS About Me While Testing New Makeup
kgkALngcgnE,NLE Choppa - Top Shotta Flow (Official Music Video)
5V2B28OqfqM,"I Spent $1,000,000 On Lottery Tickets and WON"
Mle7n1PuH9o,Megan Thee Stallion | Revlon Makeup Tutorial
IuMAHR0OtH4,My dog goes swimming for the first time!
n_8hxS_7Vis,Shannon reacts to Kyle Kuzma's game-winning shot ‚Äî I'm concerned about the Lakers | NBA | UNDISPUTED
OQZ5ht79nEw,Answering Your Assumptions About Us... Merrell Twins
zHPVGSwLhcg,Unboxing Apple's $129 Luxury Cable
gi3VMMiFHVg,Giannis Gets Ejected After Headbutting Mo Wagner
p6RatnMhDj8,I TOOK A PREGNANCY TEST...
zrsBjYukE8s,Î∞ïÏßÑÏòÅ (J.Y. Park) When We Disco (Duet with ÏÑ†ÎØ∏) M/V
N5KpIE2tz8M,Tom MacDonald - GRAVESTONES ALBUM
Aur7UgTGlL0,"TRAIL BLAZERS at MAVERICKS | FULL GAME HIGHLIGHTS | August 11, 2020"
XsmkTqsygD4,42 Dugg - Big 4's (Official Video)
KX06ksuS6Xo,Diljit Dosanjh: CLASH (Official) Music Video | G.O.A.T.
yVdH3QacEXc,Selena Gomez - This is the Year (Official Premiere Event)
hsm4poTWjMs,Cardi B - WAP feat. Megan Thee Stallion [Official Music Video]
9wDhKJsF5Zk,Cardi B Defends Kylie Jenner In 'WAP' Music Video As Fans Make Petition For Her Removal | PeopleTV
Tujt4APHPzo,FIRST DAY IN THE NEW HOUSE! Ellie and Jared Move In!
rs2Rcu0s_2k,SUMMER JOB! *Me And My Best Friend Got An Ice Cream Truck*
RQqJeIyyQBs,"Kali Uchis, Rico Nasty ‚Äì Aqu√≠ Yo Mando [Official Music Video]"
1mZ1f_8YOEc,Widespread looting reported overnight in downtown Chicago
lIgtAxmA800,Lil Mosey - Top Gone (ft. Lunay) [Official Music Video]
JJk1ji23Ey8,Bonsai Fish Tank
8fUGbilT5MQ,ULTIMATE Summer Lemonade Cake! | How To Cake It with Yolanda Gampp
JNJN5HMkRao,Saved by the Bell | Official Teaser 2 | Peacock
xNFEor9dhY0,SURPRISING BEST FRIEND WITH BUBBA GUMP SHRIMP
6IN4ZcZAUbA,The global coffee crisis is coming
ar6UiTbuoSU,"THE OFFICIAL REVEAL OF MY NEW $10,000,000 HOUSE! (Full Tour)"
28YwvwneKoY,My Decaying Mind in Quarantine
YHX4lUSGUBI,'Don't mess with Dame Dolla' - Stephen A. reacts to Lillard's beef with Paul George | First Take
KmVG1Yx1kwQ,3 DAYS with the Samsung Galaxy Note 20 Ultra! | The Tech Chap
FQnJRVn3QVk,Watching Movie Trailers... Then Guessing Their Review Scores
PHYtv0v2DeA,"NUGGETS at LAKERS | FULL GAME HIGHLIGHTS | August 10, 2020"
jp47GeO6k6Q,How Does He Get Away With This?
8QsH_xPQFqM,ALREADY | Black Is King | Aliya Janell | Kany Diabate Choreography | Queens N Lettos
xTpr7piQu2M,FUT 21 | Official Trailer
bGtR3l_JeUo,Uncle Roger Meet Egg Fried Rice Lady (@Hersha Patel)
1hx4vCChBlI,robot boyfriend
lcnWx5tiwhM,Exposing My Browsing History!
RN8uoBwRr1k,Binging with Babish: Paunch Burger from Parks & Rec
goOmZUwQYlA,100k
KnE6u4hFx14,PAINTING OUR FACES ON BRENT'S NEW HOUSE! (REVENGE)
iR7UweUPeNw,"Can LeBron, AD and Kyle Kuzma Become LA's New ‚ÄòBig Three‚Äô? | NBA on TNT Tuesday"
5JC2trEXxhE,Seattle Police Chief Carmen Best will resign Tuesday
AG9qDVXEemc,CASH NASTY MADE A MISTAKE CHALLENGING ME TO THIS 1V1... @Agent 02
3qxGj18nAR4,MY FIRST DAY OF SCHOOL VLOG  *Senior Year* 2020-21
BpXkl4VdFhA,Swapping Outfits With A Drag Queen!
Gj_SlGSZFgA,Who Makes The BEST Hot Dog *Glizzy* üå≠
vzXYz61U3Gk,We Need Some Time Apart
koHs2-xKdEk,2HYPE Goes Shark Fishing!
hEU_MnFTJ_c,LIVE BIRTH OF OUR BABY BOY *EMOTIONAL*
tbsu-AWH-C0,Stephen Sharer - SLUSHIE (Official Music Video)
MKHriv5r8pk,Meet Kohl (Date #3) | Brooklyn's 10 DATES in 10 DAYS
vml4hskxqtE,Every Drive Thru Ever
YFn3NtG4bJ8,Collin Morikawa | Best Shots from His Final Round 64 at the 2020 PGA Championship
vysBEblWBoQ,Lewis sets UFC record! Derrick Lewis v Alexei Oleinik | UFC Highlights
F82kzN-ae3o,Grilled Ribeye Steak Sausage
QjB3I4zaKRk,Mozart La Para - El Pap√° del L√°piz (Video Oficial)
JXzk8G9aXI8,Avatar Intro but with Animals
GsL8veaFW-s,North Carolina 5.1 magnitude earthquake felt in several surrounding states
khhxZRo527Q,Our Fertility Journey: Episode 10
oXTcmpnjdBk,Collin Morikawa Hits Incredible Drive to Win 2020 PGA Championship
DrlnrRQK84A,I SURPRISED HIM WITH HIS DREAM CAR!!
6rhLJ6T6NDI,WE SECRETLY FILMED THE DOLAN TWINS | Jeff's Barbershop
Yvlmj0rtnpc,WE DID IT
ysdw7cmigZM,"Game Theory: Minecraft, Stop Using Diamonds!"
Q_KW4u0t07k,QUESADILLAS | Mexican Survival Guide
xX9PYIIgoEA,Rich Brian & eaJ of DAY6 - LOVE IN MY POCKET ‚ù§Ô∏è
3LqQB4HV8qg,I rescued my cat from the sewer
nk44yPCN3gM,$3000 vs. $500 Suspension Upgrade
UcXVnupm0zk,DID YOU FEEL IT? 5.1 magnitude earthquake in North Carolina
LNDhIGR-83w,Beirut explosion: Video shows new angle of the massive blast
0a5YhsnITFE,"LFR13 - QR, Game 5 - Done - CBJ 3, Tor 0"
avgBgc210bg,New videos of Beirut massive explosion emerging online
qn515i8xr-4,Surprising Thomas with a Motorcycle!!
fHKNO3DV78M,"Trump halts payroll tax, extends jobless benefits"
nX0NDmm1K1g,I hate the I am not a robot verification.
Oe9naV81gdY,12 Types of People on TikTok
53sqVjcdM4Q,Rating My Wife's Pregnancy Outfits
kzST_Q2Xbks,Draymond Green Shares Why He's Picking LeBron as the MVP | NBA on TNT
YwJyis4yOEA,ANSWERING YOUR ASSUMPTIONS ABOUT US üò≠
#NAME?,Lapiz Conciente - 9 Dias
4OCcbUZuTUQ,TREASURE ‚Äì ‚ÄòBOY‚Äô 0809 SBS Inkigayo
arijxoU5nB0,"TIPPING DELIVERY DRIVERS $1,000 DOLLARS!!"
6Taz7ZzPYeI,DaBaby - Blind feat Young Thug (Official Audio)
CiCT7NCP6BY,Rod Wave - Letter From Houston (Official Music Video)
z9i14AlzWL0,VIDEOS that are truly funny
lw68FF0GEX8,JEOPARDY: SIDEMEN EDITION
gSc0o6xVnmY,Juice WRLD & The Weeknd - Smile (Official Lyric Video)
YIlhmtpDjmo,WHAT KSI SHOULD HAVE BOUGHT TOBI FOR SIDEMEN SUNDAY
8r1D-vNUWsg,‚òÅÔ∏è üçû CLOUD BREAD
6f-jjV5LJoE,Road Rage ‚Äì Why Motorcycle Riders Smash Windows
QsUfsZzxi9c,"Whatever You Build, I'll Pay For!"
THQH9QJKrIE,"Trump signs executive orders on unemployment, evictions, student loans and payroll tax"
xCkpA4_H1x4,UPDATE: CLAN WARS 2 ‚öîÔ∏è How does it work? TV Royale - Clash Royale News
LI1hCQ-6P0Y,AN UMBRELLA ACADEMY UNBOXING
EukpxRuDUzA,Prepping My Apartment for My Boyfriend to Move In!
TUlFDVUTsKg,Highlights | Man City 2-1 Real Madrid | Champions League 2020 - Octavos de final | TUDN
Idp1xvmLPHo,LaBrant Family Baby Boy Name Reveal.
A5RHu1lTv14,Satina Wants a Bedtime Story (SATINA SHORT #1)
tqvEEqWGCyE,The (Real) Delusion That You're a Corpse
qq7MSjXHRTU,Barcelona vs. Napoli | Champions League Round of 16 Highlights | UCL on CBS Sports
bpmGuPhGE0Y,Machine Gun Kelly ft. blackbear - my ex's best friend (Official Lyric Video)
XlOLx3fyf10,TESTING TIKTOK ART TUTORIALS
HkTTPu_p2ps,Sleepy Hallow - ‚ÄúWater‚Äù feat. Sheff G (Official Music Video - WSHH Exclusive)
4UiaCC01Vwk,"DISNEY MEDLEY: Frozen II, The Little Mermaid, Moana, Aladdin + MORE"
#NAME?,LOGAN PAUL ADDRESSES JAKE PAUL'S FBI RAID
PORP0q8nThs,Getting Suspended In High School
IxFMyYuPPyw,Fixing Things I've Ruined #2
Of_C9g9O9KY,BABY BOY IS HERE! *OFFICIAL LABOR AND DELIVERY*
C8FzVistDHY,Professor who's been right about every election since 1984 reveals his 2020 prediction
FU92piysGBg,STILTED TRAMPOLINE STAIRCASE INTO THE OCEAN  | JOOGSQUAD PPJT
RsmttAEp9f4,Bayern Munich vs. Chelsea | Champions League Round of 16 Highlights | UCL on CBS Sports
6i01tOMgBDU,Ashnikko - Daisy (Official Video)
qzdGo7FBndA,Apex Legends Season 6 ‚Äì Boosted Launch Trailer
rmn4F-K2RRI,Boatbuilding - Lining-out for Planking (EP78)
JxAlZOn4QhM,Rod Wave - Rags 2 Riches Ft. Lil Baby & ATR SonSon (Official Audio)
8tze9Z33K5A,The Proposal Part 2 She Said Yes!
hT3pPAdnlfA,"LAKERS at PACERS | FULL GAME HIGHLIGHTS | August 8, 2020"
Wc9_dsv5YYA,Doja Cat - Freak (Audio)
aAgJernobg8,GAME OVER - Mozart La Para (Video Oficial)
dktW5r4ldyo,Kane Brown - Cool Again (Official Video) ft. Nelly
Djy3WNLz_mM,The coronavirus is mutating. Now what?
JSAfPh1A25E,TREASURE - 'BOY' M/V
kz7gHA2N6nQ,"World's Strongest Man vs $10,000 Safe! *unbreakable*"
f7rq3DeFZew,Lil Keed - Obama Coupe [Official Video]
mBiWhzeZ_bU,First Shreds! Testing Our Duramax Swapped Camaro at Irwindale Speedway // Knuckle Busters 2 Ep.15
CfHieQ0SwpA,National SAT Practice Test Day
Svvesc9dW2E,TWICE Reacts To Guess That TWICE Song In Reverse Challenge (K-Pop)
5N8YRren5Z4,Popcaan  - TWIST & TURN (feat. Drake & PARTYNEXTDOOR) (Official Audio)
qQ8domUSU7M,Fall Guys in a Nutshell
D-ocerKPufk,The Kid LAROI - SELFISH (Official Video)
Dz3kroYIUkU,Jake Paul's Calabasas home raided by FBI
vrYcnMWWOeI,Odd1sOut VS Alex Clark: Planning Chess Boxing  ( Part 2 )
N2YxXgco_68,MORE toys that evaporate the ADHD from my body
v97FPN2US2o,Joji & Diplo - Daylight (Official Music Video)
cAtazIk1IYw,How To Make a Curried Egg Sandwich
NYFHnIiA8gE,Cake Rescue Fixing Viral Cake Fails | How To Cook That Ann Reardon new 2020
czwejgoH3zs,"Son, lemme teach you something new"
dO6YihaqtaQ,Trump takes executive action to address economy amid pandemic
sSjtGqRXQ9Y,JUDAS AND THE BLACK MESSIAH - Official Trailer
kcynVTnaHw0,Juventus vs. Lyon | CHAMPIONS LEAGUE Round of 16 Highlights | UCL on CBS Sports
HM_fkwDB-Xg,Yashahime: Princess Half-Demon | Official Announcement | VIZ
9wjvPD4-RyE,Russ - Why (Official Video)
FnSr820S2Mk,Explained: What happened in deadly Beirut explosion
Uxf0f27n-m4,Forgive Me - Live - Chloe x Halle
Jpl5mWJG2Uo,Haschak Sisters - GLOW (Music Video)
3bC2T0oFwoo,This is Goodbye
JLsDWPsx23c,NBA 2K21: Everything is Game (Current Gen Gameplay)
OpQlY2so3Mk,Let Me In
bdKm5hR2mBg,"FMB DZ, Sada Baby, Rio Da Yung OG - The Whoop Way (Official Video) Shot by @JerryPHD"
oxpQslt8x5s,"Ford Sticks It To Jeep By Taking The New Bronco On The Rubicon Trail: No, You're Wrong!"
ol4BJbIZHW4,(animated spellbook) 5E D&D Technology wizard
i9zLv77COc8,Our Big Announcement - Introducing TheShawFam
3-144RjSRWI,Pok√©mon: Twilight Wings | Episode 7 | Sky
eQhWGnKw5Hc,Boosie Badazz & MO3 - Mop Wit It (Official Video)
7QJPCIBgV5g,Cinemassacre Channel Update 2020
Ea04DriyYb4,Video shows Beirut blast as bride poses on her wedding day
Qn8dMQJlDZE,If 2020 Gave Us Zombies Instead Of A Pandemic
8Y_NXBHm92w,Beirut blast: two women on the ground in Lebanon describe the explosion and aftermath | 7NEWS
rr85rpSi0yI,If Real People Commercials were Real Life - CHEVY Fuel Efficiency/Grizzly Bear
K_uCyxNsHpo,Brooklyn's 10 DATES in 10 DAYS | Meet Jorge (Date #1)
hpMeCem6Hss,"I FOUGHT BRYCE HALL...Ft. Mike Majlak, Lana Rhoades, Steve will do it, Nelk Boys, Blake Gray"
gpY9qUbPXbM,Inside Beirut After the Explosion | WSJ
uf-36RC6JHE,Lapiz  Conciente - El Descanso Eterno
A3VYsISvUy4,Atalanta vs. PSG | Champions League Quarterfinal Highlights | UCL on CBS Sports
3C66w5Z0ixs,I ASKED HER TO BE MY GIRLFRIEND...
uhZE84C5g0M,Meet Matt (Date #4) | Brooklyn's 10 Dates in 10 Days
EDO8Z3O7lus,Biggest Trash Talker EVER Gets EXPOSED BAD! 1v1 Basketball In Arizona!
JCkyKujZplk,Rubi Rose He In His Feelings (Official Music Video)
wq5vHxY8kdU,A UNIQUE Start to Training Camp 2020! | Hard Knocks Los Angeles FULL Episode 1
J78aPJ3VyNs,I left youtube for a month and THIS is what happened.
ymyY7jez0rM,Joe Biden Introduces Sen. Kamala Harris (D-CA) As Running Mate
M9Pmf9AB4Mo,Apex Legends | Stories from the Outlands ‚Äì ‚ÄúThe Endorsement‚Äù
ay-8L8PZ6BI,Toosii - Reminiscing
NvgYhf2LnVI,[Dream SMP War] | Animatic
p35UfHw7PPI,Merkules - ''DEMONS'' (Official Video)
VIUo6yapDbc,Ultimate DIY Home Movie Theater for The LaBrant Family!
kXLn3HkpjaA,XXL 2020 Freshman Class Revealed - Official Announcement
SWlnzF8bFXM,We Buy a Donk Project. Goal: 1000HP! Part 1 of 69
SsWHMAhshPQ,Ovi x Natanael Cano x Aleman x Big Soto - Vengo De Nada [Official Video]
w-aidBdvZo8,I Haven't Been Honest About My Injury.. Here's THE TRUTH
2avPJ9TZNmU,Juice WRLD & The Weeknd - Smile (Official Video)
0La8uz7WJiU,Stephen A. reacts to Damian Lillard dropping 61 points vs. the Mavericks | First Take
ELS5RLbSukU,I Downloaded The World's Hardest Mod!
f8T_-E1ViVw,Gunna - WUNNA FLO (feat. Yak Gotti) [Official Video]
uet14uf9NsE,OUR FIRST FAMILY INTRO!!
NSuaUok-wTY,[1147] Locksmith Says My Videos Are BS... Loses $75 (Maybe)
CqRKOY4Cgvw,The new Surface¬†Duo. Do one better.
49Z6Mv4_WCA,i don't know what im doing anymore
W7VK4DUHvKU,"Lil Yachty - Pardon Me ft. Future, Mike WiLL Made-It"
ua4QMFQATco,CGP Grey was WRONG
LrIFp4sAIGo,UNCUT Team TaylorMade Long Drive CONTEST With SIM | TaylorMade Golf
SnsPZj91R7E,SURPRISING MY DAD WITH HIS DREAM TRUCK!! | Louie's Life
#NAME?,The Weeknd Experience LIVE - Director's Cut (Trailer)
nt3VVyv5pxQ,Try Not To Laugh Challenge #51
gPdUslndvVI,Our Farm Got Destroyed.
I6hswz4rIrU,Rainbow Six Siege: Operation Shadow Legacy Reveal Trailer | Ubisoft [NA]
7g0oEVP1huA,Do Our Parents Approve Of Our Engagement? Q&A With Both Families
6TIsR_7nrNc,Kylie Jenner Reacts To 'WAP' Music Video Backlash
BNeDH6UTmXw,Ten Minutes with Tyler Cameron | Q&A
W9Aen8hG20Y,When Our Generation Gets Old and Hears a Throwback Song 5
Que4RnxYLNc,iann dior ‚Äì Prospect ft. Lil Baby (Official Video)
GTp-0S82guE,Time to Talk..
jbGRowa5tIk,ITZY ‚ÄúNot Shy‚Äù M/V TEASER
AVYBAxqykdE,Mint Mobile Plus
7osSbbc2xVg,First Day of School GRWM + Vlog | College Edition | LexiVee03
p7HGUZWq_8s,Doing Doja Cat‚Äôs Makeup!!
vePc5V4h_kg,Shark Attack Test- Human Blood vs. Fish Blood
5WjcDji3xYc,Honest Trailers | Avatar: The Last Airbender
AMXT1ok5UBg,THIS IS THE END.
9nidKH8cM38,TAXI CAB SLAYER KILLS 'TO KNOW HOW IT FEELS'
mLOe7vGI0YI,Beerus VS Sailor Galaxia (Dragon Ball VS Sailor Moon) | DEATH BATTLE!
NYXABBpPJss,When you get on the grill for your friends Birthday
DiQ2AieIo0Q,Strongest Women VS Strongest Fish
z5l8ovbw_6M,Don't be a Tourist
GYeKX_LPY9U,15 Friendliest Sea Creatures Around The World
CezxKs9YLv0,"Here's Why We Do Sponsored Videos, What Are Your Thoughts?"
PT6hPvOqTYc,Being replaced.
FDq9QC206eU,Koffee - Pressure (Lyric Video)
KX06ksuS6Xo,Diljit Dosanjh: CLASH (Official) Music Video | G.O.A.T.
aG8QsfDisdg,"Hundreds of looters target stores downtown, across Chicago overnight; 100 arrested"
9AecsACtkB4,Watch Secret Service agents pull Trump from a press briefing after shooting outside the White House
kgkALngcgnE,NLE Choppa - Top Shotta Flow (Official Music Video)
GGEBtW2mWOk,Addressing RUMORS About Me While Testing New Makeup
zrsBjYukE8s,Î∞ïÏßÑÏòÅ (J.Y. Park) When We Disco (Duet with ÏÑ†ÎØ∏) M/V
FopIxceEr8g,EXTREME Game of Hide and Seek in my NEW HOUSE!!
Mle7n1PuH9o,Megan Thee Stallion | Revlon Makeup Tutorial
XsmkTqsygD4,42 Dugg - Big 4's (Official Video)
5V2B28OqfqM,"I Spent $1,000,000 On Lottery Tickets and WON"
Aur7UgTGlL0,"TRAIL BLAZERS at MAVERICKS | FULL GAME HIGHLIGHTS | August 11, 2020"
HRPaFOs4vu4,UFC 252 Embedded: Vlog Series - Episode 3
IuMAHR0OtH4,My dog goes swimming for the first time!
p6RatnMhDj8,I TOOK A PREGNANCY TEST...
N5KpIE2tz8M,Tom MacDonald - GRAVESTONES ALBUM
zHPVGSwLhcg,Unboxing Apple's $129 Luxury Cable
CyKAgXbEX3A,DLC„Äå„Éû„Éã„Ç¢„ÇØ„Çπ„Éë„ÉÉ„ÇØ„ÄçÁ¥π‰ªãPV ‚Äê„ÄéÁúü„ÉªÂ•≥Á•ûËª¢ÁîüIII NOCTURNE HD REMASTER„Äè
OQZ5ht79nEw,Answering Your Assumptions About Us... Merrell Twins
6IN4ZcZAUbA,The global coffee crisis is coming
lIgtAxmA800,Lil Mosey - Top Gone (ft. Lunay) [Official Music Video]
Tujt4APHPzo,FIRST DAY IN THE NEW HOUSE! Ellie and Jared Move In!
yVdH3QacEXc,Selena Gomez - This is the Year (Official Premiere Event)
8fUGbilT5MQ,ULTIMATE Summer Lemonade Cake! | How To Cake It with Yolanda Gampp
RQqJeIyyQBs,"Kali Uchis, Rico Nasty ‚Äì Aqu√≠ Yo Mando [Official Music Video]"
hsm4poTWjMs,Cardi B - WAP feat. Megan Thee Stallion [Official Music Video]
fITRL6oXWao,Dame Drops 61 as the Blazers Playoff Quest Continues | NBA on TNT on Tuesday
JJk1ji23Ey8,Veggie & Fish Tank
rs2Rcu0s_2k,SUMMER JOB! *Me And My Best Friend Got An Ice Cream Truck*
gi3VMMiFHVg,Giannis Gets Ejected After Headbutting Mo Wagner
9wDhKJsF5Zk,Cardi B Defends Kylie Jenner In 'WAP' Music Video As Fans Make Petition For Her Removal | PeopleTV
vml4hskxqtE,Every Drive Thru Ever
YHX4lUSGUBI,'Don't mess with Dame Dolla' - Stephen A. reacts to Lillard's beef with Paul George | First Take
xNFEor9dhY0,SURPRISING BEST FRIEND WITH BUBBA GUMP SHRIMP
JNJN5HMkRao,Saved by the Bell | Official Teaser 2 | Peacock
n_8hxS_7Vis,Shannon reacts to Kyle Kuzma's game-winning shot ‚Äî I'm concerned about the Lakers | NBA | UNDISPUTED
KmVG1Yx1kwQ,3 DAYS with the Samsung Galaxy Note 20 Ultra! | The Tech Chap
ar6UiTbuoSU,"THE OFFICIAL REVEAL OF MY NEW $10,000,000 HOUSE! (Full Tour)"
28YwvwneKoY,My Decaying Mind in Quarantine
1hx4vCChBlI,robot boyfriend
vzXYz61U3Gk,We Need Some Time Apart
FQnJRVn3QVk,Watching Movie Trailers... Then Guessing Their Review Scores
8QsH_xPQFqM,ALREADY | Black Is King | Aliya Janell | Kany Diabate Choreography | Queens N Lettos
1mZ1f_8YOEc,Widespread looting reported overnight in downtown Chicago
PHYtv0v2DeA,"NUGGETS at LAKERS | FULL GAME HIGHLIGHTS | August 10, 2020"
jp47GeO6k6Q,How Does He Get Away With This?
goOmZUwQYlA,100k
bGtR3l_JeUo,Uncle Roger Meet Egg Fried Rice Lady (@Hersha Patel)
AG9qDVXEemc,CASH NASTY MADE A MISTAKE CHALLENGING ME TO THIS 1V1... @Agent 02
RN8uoBwRr1k,Binging with Babish: Paunch Burger from Parks & Rec
xTpr7piQu2M,FUT 21 | Official Trailer
tbsu-AWH-C0,Stephen Sharer - SLUSHIE (Official Music Video)
lcnWx5tiwhM,Exposing My Browsing History!
KnE6u4hFx14,PAINTING OUR FACES ON BRENT'S NEW HOUSE! (REVENGE)
5JC2trEXxhE,Seattle Police Chief Carmen Best will resign Tuesday
BpXkl4VdFhA,Swapping Outfits With A Drag Queen!
3qxGj18nAR4,MY FIRST DAY OF SCHOOL VLOG  *Senior Year* 2020-21
koHs2-xKdEk,2HYPE Goes Shark Fishing!
JXzk8G9aXI8,Avatar Intro but with Animals
YFn3NtG4bJ8,Collin Morikawa | Best Shots from His Final Round 64 at the 2020 PGA Championship
QjB3I4zaKRk,Mozart La Para - El Pap√° del L√°piz (Video Oficial)
bJbAZh3fv0g,Coming Sept. 4 | Mulan | Disney+
vysBEblWBoQ,Lewis sets UFC record! Derrick Lewis v Alexei Oleinik | UFC Highlights
hEU_MnFTJ_c,LIVE BIRTH OF OUR BABY BOY *EMOTIONAL*
Gj_SlGSZFgA,Who Makes The BEST Hot Dog *Glizzy* üå≠
khhxZRo527Q,Our Fertility Journey: Episode 10
GsL8veaFW-s,North Carolina 5.1 magnitude earthquake felt in several surrounding states
oXTcmpnjdBk,Collin Morikawa Hits Incredible Drive to Win 2020 PGA Championship
6rhLJ6T6NDI,WE SECRETLY FILMED THE DOLAN TWINS | Jeff's Barbershop
Yvlmj0rtnpc,WE DID IT
DrlnrRQK84A,I SURPRISED HIM WITH HIS DREAM CAR!!
xX9PYIIgoEA,Rich Brian & eaJ of DAY6 - LOVE IN MY POCKET ‚ù§Ô∏è
F82kzN-ae3o,Grilled Ribeye Steak Sausage
Q_KW4u0t07k,QUESADILLAS | Mexican Survival Guide
iR7UweUPeNw,"Can LeBron, AD and Kyle Kuzma Become LA's New ‚ÄòBig Three‚Äô? | NBA on TNT Tuesday"
ysdw7cmigZM,"Game Theory: Minecraft, Stop Using Diamonds!"
3LqQB4HV8qg,I rescued my cat from the sewer
UcXVnupm0zk,DID YOU FEEL IT? 5.1 magnitude earthquake in North Carolina
LNDhIGR-83w,Beirut explosion: Video shows new angle of the massive blast
0a5YhsnITFE,"LFR13 - QR, Game 5 - Done - CBJ 3, Tor 0"
avgBgc210bg,New videos of Beirut massive explosion emerging online
CiCT7NCP6BY,Rod Wave - Letter From Houston (Official Music Video)
nk44yPCN3gM,$3000 vs. $500 Suspension Upgrade
MKHriv5r8pk,Meet Kohl (Date #3) | Brooklyn's 10 DATES in 10 DAYS
qn515i8xr-4,Surprising Thomas with a Motorcycle!!
Oe9naV81gdY,12 Types of People on TikTok
nX0NDmm1K1g,I hate the I am not a robot verification.
53sqVjcdM4Q,Rating My Wife's Pregnancy Outfits
6Taz7ZzPYeI,DaBaby - Blind feat Young Thug (Official Audio)
fHKNO3DV78M,"Trump halts payroll tax, extends jobless benefits"
#NAME?,Lapiz Conciente - 9 Dias
YwJyis4yOEA,ANSWERING YOUR ASSUMPTIONS ABOUT US üò≠
4OCcbUZuTUQ,TREASURE ‚Äì ‚ÄòBOY‚Äô 0809 SBS Inkigayo
kzST_Q2Xbks,Draymond Green Shares Why He's Picking LeBron as the MVP | NBA on TNT
arijxoU5nB0,"TIPPING DELIVERY DRIVERS $1,000 DOLLARS!!"
z9i14AlzWL0,VIDEOS that are truly funny
lw68FF0GEX8,JEOPARDY: SIDEMEN EDITION
gSc0o6xVnmY,Juice WRLD & The Weeknd - Smile (Official Lyric Video)
8r1D-vNUWsg,‚òÅÔ∏è üçû CLOUD BREAD
YIlhmtpDjmo,WHAT KSI SHOULD HAVE BOUGHT TOBI FOR SIDEMEN SUNDAY
6f-jjV5LJoE,Road Rage ‚Äì Why Motorcycle Riders Smash Windows
LI1hCQ-6P0Y,AN UMBRELLA ACADEMY UNBOXING
QsUfsZzxi9c,"Whatever You Build, I'll Pay For!"
EukpxRuDUzA,Prepping My Apartment for My Boyfriend to Move In!
THQH9QJKrIE,"Trump signs executive orders on unemployment, evictions, student loans and payroll tax"
xCkpA4_H1x4,UPDATE: CLAN WARS 2 ‚öîÔ∏è How does it work? TV Royale - Clash Royale News
JxAlZOn4QhM,Rod Wave - Rags 2 Riches Ft. Lil Baby & ATR SonSon (Official Audio)
TUlFDVUTsKg,Highlights | Man City 2-1 Real Madrid | Champions League 2020 - Octavos de final | TUDN
Idp1xvmLPHo,LaBrant Family Baby Boy Name Reveal.
A5RHu1lTv14,Satina Wants a Bedtime Story (SATINA SHORT #1)
bpmGuPhGE0Y,Machine Gun Kelly ft. blackbear - my ex's best friend (Official Lyric Video)
tqvEEqWGCyE,The (Real) Delusion That You're a Corpse
qq7MSjXHRTU,Barcelona vs. Napoli | Champions League Round of 16 Highlights | UCL on CBS Sports
XlOLx3fyf10,TESTING TIKTOK ART TUTORIALS
4UiaCC01Vwk,"DISNEY MEDLEY: Frozen II, The Little Mermaid, Moana, Aladdin + MORE"
PORP0q8nThs,Getting Suspended In High School
FU92piysGBg,STILTED TRAMPOLINE STAIRCASE INTO THE OCEAN  | JOOGSQUAD PPJT
C8FzVistDHY,Professor who's been right about every election since 1984 reveals his 2020 prediction
#NAME?,LOGAN PAUL ADDRESSES JAKE PAUL'S FBI RAID
6i01tOMgBDU,Ashnikko - Daisy (Official Video)
HkTTPu_p2ps,Sleepy Hallow - ‚ÄúWater‚Äù feat. Sheff G (Official Music Video - WSHH Exclusive)
IxFMyYuPPyw,Fixing Things I've Ruined #2
Of_C9g9O9KY,BABY BOY IS HERE! *OFFICIAL LABOR AND DELIVERY*
RsmttAEp9f4,Bayern Munich vs. Chelsea | Champions League Round of 16 Highlights | UCL on CBS Sports
8tze9Z33K5A,The Proposal Part 2 She Said Yes!
Wc9_dsv5YYA,Doja Cat - Freak (Audio)
qzdGo7FBndA,Apex Legends Season 6 ‚Äì Boosted Launch Trailer
dktW5r4ldyo,Kane Brown - Cool Again (Official Video) ft. Nelly
aAgJernobg8,GAME OVER - Mozart La Para (Video Oficial)
rmn4F-K2RRI,Boatbuilding - Lining-out for Planking (EP78)
hT3pPAdnlfA,"LAKERS at PACERS | FULL GAME HIGHLIGHTS | August 8, 2020"
JSAfPh1A25E,TREASURE - 'BOY' M/V
f7rq3DeFZew,Lil Keed - Obama Coupe [Official Video]
Djy3WNLz_mM,The coronavirus is mutating. Now what?
kz7gHA2N6nQ,"World's Strongest Man vs $10,000 Safe! *unbreakable*"
mBiWhzeZ_bU,First Shreds! Testing Our Duramax Swapped Camaro at Irwindale Speedway // Knuckle Busters 2 Ep.15
5N8YRren5Z4,Popcaan  - TWIST & TURN (feat. Drake & PARTYNEXTDOOR) (Official Audio)
CfHieQ0SwpA,National SAT Practice Test Day
Svvesc9dW2E,TWICE Reacts To Guess That TWICE Song In Reverse Challenge (K-Pop)
D-ocerKPufk,The Kid LAROI - SELFISH (Official Video)
qQ8domUSU7M,Fall Guys in a Nutshell
Dz3kroYIUkU,Jake Paul's Calabasas home raided by FBI
vrYcnMWWOeI,Odd1sOut VS Alex Clark: Planning Chess Boxing  ( Part 2 )
v97FPN2US2o,Joji & Diplo - Daylight (Official Music Video)
N2YxXgco_68,MORE toys that evaporate the ADHD from my body
JFm7YDVlqnI,Drake - Laugh Now Cry Later (Official Music Video) ft. Lil Durk
FbM1yi4mMMc,I Bought A Private Island
0C80BSgjb8M,YoungBoy Never Broke Again - Kacey talk
YNyFAro1E5M,Polo G - Martin & Gina (Official Video)
euiSHuaw6Q4,Nineteen Eighty-Fortnite - #FreeFortnite
IcqFcBmkSoQ,2020 XXL Freshmen Read Mean Comments
EIzazUv2gtI,The Devil All The Time starring Tom Holland & Robert Pattinson | Official Trailer | Netflix
L2O-ZLKLhiw,Film Theory: Rick is a Morty CONFIRMED! (Rick and Morty)
nyzhtvtJWDQ,SuperM ÏäàÌçºÏó† ‚Äò100' MV
aS1no1myeTM,Miley Cyrus - Midnight Sky (Official Video)
7XvVaeVdPnQ,The SIDEMEN play FALL GUYS (Sidemen Gaming)
279RNoP5UyU,John Legend - Wild (feat. Gary Clark Jr.) (Official Video)
uf-36RC6JHE,Lapiz  Conciente - El Descanso Eterno
nPO2XNDFWN0,Trey Songz - Circles [Official Music Video]
Db_mZ_2gtLg,Morgan Wallen - 7 Summers (Lyric Video)
pWoerADzny4,Savannah Dexter - Gottem Talking ft. Adam Calhoun (Official Music Video)
ZOcI_9pAR_A,"Food Theory: The TRUE Cost of Winning $1,000,000 at McDonald's (Monopoly)"
_J9Z74dQXrQ,Leipzig vs. Atl√©tico Madrid | Champions League Quarterfinal Highlights | UCL on CBS Sports
dANJlolAYyA,Machine Gun Kelly - concert for aliens (Official Music Video)
CNMvPse-P-g,Madden 21 | The Yard Trailer
1YlsqNMzaL8,sewing a dress from scratch *project runway i'm ready*
dX480fsk510,How Hard Fighting Game Combos used to be
#NAME?,A Zombie Extra‚Äôs First Day on Set - Key & Peele
LgJhcGl_h7Y,Summer Walker - White Tee Ft. NO1-NOAH [Official Video]
A3VYsISvUy4,Atalanta vs. PSG | Champions League Quarterfinal Highlights | UCL on CBS Sports
XDCXT7C7lnk,Alicia Keys - So Done (Official Video) ft. Khalid
x2JkhZd_Kxc,Action Bronson Shakes It Out While Eating Spicy Wings | Hot Ones
b703NY5__pA,Kylie & Corey Take Shots and Toast to Kris...Who's Losing Her Patience | KUWTK Exclusive Look | E!
ydipwkP8r_Y,[MV] WONHO(ÏõêÌò∏) _ Losing You
uhZE84C5g0M,Meet Matt (Date #4) | Brooklyn's 10 Dates in 10 Days
c-ogahIlhWk,The Ultimate Garden Swing
3C66w5Z0ixs,I ASKED HER TO BE MY GIRLFRIEND...
bUAxPG3GYi8,Ciara  - Rooted ft. Ester Dean (Official Video)
rYErvhVhlzU,Did the Pandemic Make Late Night TV Better?
H7CpOdB2-rg,In defense of CATS
RuhvdaDabpU,Rico Nasty - IPHONE [Official Music Video]
JCkyKujZplk,Rubi Rose He In His Feelings (Official Music Video)
p35UfHw7PPI,Merkules - ''DEMONS'' (Official Video)
fnGRjwAst7o,Aquaman - The Worst Superhero Movie Ever Made?
EDO8Z3O7lus,Biggest Trash Talker EVER Gets EXPOSED BAD! 1v1 Basketball In Arizona!
hz9_jkrrptU,BTS (Î∞©ÌÉÑÏÜåÎÖÑÎã®) 'BREAK THE SILENCE: THE MOVIE' Official Trailer 1 (30'')
KHeVTRrg4h8,Dana White Addresses Why Conor McGregor is Still in UFC Rankings
J78aPJ3VyNs,I left youtube for a month and THIS is what happened.
VIUo6yapDbc,Ultimate DIY Home Movie Theater for The LaBrant Family!
SWlnzF8bFXM,We Buy a Donk Project. Goal: 1000HP! Part 1 of 69
w-aidBdvZo8,I Haven't Been Honest About My Injury.. Here's THE TRUTH
NSuaUok-wTY,[1147] Locksmith Says My Videos Are BS... Loses $75 (Maybe)
uet14uf9NsE,OUR FIRST FAMILY INTRO!!
ELS5RLbSukU,I Downloaded The World's Hardest Mod!
LrIFp4sAIGo,UNCUT Team TaylorMade Long Drive CONTEST With SIM | TaylorMade Golf
JeqNGzsOEaw,UFC 252 Embedded: Vlog Series - Episode 4
49Z6Mv4_WCA,i don't know what im doing anymore
gPdUslndvVI,Our Farm Got Destroyed.
ua4QMFQATco,CGP Grey was WRONG
7g0oEVP1huA,Do Our Parents Approve Of Our Engagement? Q&A With Both Families
#NAME?,The Weeknd Experience LIVE - Director's Cut (Trailer)
SnsPZj91R7E,SURPRISING MY DAD WITH HIS DREAM TRUCK!! | Louie's Life
nt3VVyv5pxQ,Try Not To Laugh Challenge #51
0La8uz7WJiU,Stephen A. reacts to Damian Lillard dropping 61 points vs. the Mavericks | First Take
Que4RnxYLNc,iann dior ‚Äì Prospect ft. Lil Baby (Official Video)
5WjcDji3xYc,Honest Trailers | Avatar: The Last Airbender
CR4m1Lxpu0A,THE BIGGEST FOOTBALL CHALLENGE EVER!
6TIsR_7nrNc,Kylie Jenner Reacts To 'WAP' Music Video Backlash
I6hswz4rIrU,Rainbow Six Siege: Operation Shadow Legacy Reveal Trailer | Ubisoft [NA]
OQZ5ht79nEw,Answering Your Assumptions About Us... Merrell Twins
BNeDH6UTmXw,Ten Minutes with Tyler Cameron | Q&A
W9Aen8hG20Y,When Our Generation Gets Old and Hears a Throwback Song 5
AVYBAxqykdE,Mint Mobile Plus
jbGRowa5tIk,ITZY ‚ÄúNot Shy‚Äù M/V TEASER
GTp-0S82guE,Time to Talk..
p7HGUZWq_8s,Doing Doja Cat‚Äôs Makeup!!
7osSbbc2xVg,First Day of School GRWM + Vlog | College Edition | LexiVee03
vePc5V4h_kg,Shark Attack Test- Human Blood vs. Fish Blood
9nidKH8cM38,TAXI CAB SLAYER KILLS 'TO KNOW HOW IT FEELS'
mLOe7vGI0YI,Beerus VS Sailor Galaxia (Dragon Ball VS Sailor Moon) | DEATH BATTLE!
NYXABBpPJss,When you get on the grill for your friends Birthday
FDq9QC206eU,Koffee - Pressure (Lyric Video)
AMXT1ok5UBg,THIS IS THE END.
DiQ2AieIo0Q,Strongest Women VS Strongest Fish
FFt_dffYAtA,"NBA 2K21 Jump Shot Aiming, Quick Draw Gone!"
KX06ksuS6Xo,Diljit Dosanjh: CLASH (Official) Music Video | G.O.A.T.
z5l8ovbw_6M,Don't be a Tourist
GYeKX_LPY9U,15 Friendliest Sea Creatures Around The World
PT6hPvOqTYc,Being replaced.
CezxKs9YLv0,"Here's Why We Do Sponsored Videos, What Are Your Thoughts?"
HRPaFOs4vu4,UFC 252 Embedded: Vlog Series - Episode 3
zrsBjYukE8s,Î∞ïÏßÑÏòÅ (J.Y. Park) When We Disco (Duet with ÏÑ†ÎØ∏) M/V
kgkALngcgnE,NLE Choppa - Top Shotta Flow (Official Music Video)
XsmkTqsygD4,42 Dugg - Big 4's (Official Video)
9AecsACtkB4,Watch Secret Service agents pull Trump from a press briefing after shooting outside the White House
GGEBtW2mWOk,Addressing RUMORS About Me While Testing New Makeup
Mle7n1PuH9o,Megan Thee Stallion | Revlon Makeup Tutorial
Aur7UgTGlL0,"TRAIL BLAZERS at MAVERICKS | FULL GAME HIGHLIGHTS | August 11, 2020"
IuMAHR0OtH4,My dog goes swimming for the first time!
p6RatnMhDj8,I TOOK A PREGNANCY TEST...
N5KpIE2tz8M,Tom MacDonald - GRAVESTONES ALBUM
aG8QsfDisdg,"Hundreds of looters target stores downtown, across Chicago overnight; 100 arrested"
lIgtAxmA800,Lil Mosey - Top Gone (ft. Lunay) [Official Music Video]
Tujt4APHPzo,FIRST DAY IN THE NEW HOUSE! Ellie and Jared Move In!
6IN4ZcZAUbA,The global coffee crisis is coming
YHX4lUSGUBI,'Don't mess with Dame Dolla' - Stephen A. reacts to Lillard's beef with Paul George | First Take
zHPVGSwLhcg,Unboxing Apple's $129 Luxury Cable
8fUGbilT5MQ,ULTIMATE Summer Lemonade Cake! | How To Cake It with Yolanda Gampp
CyKAgXbEX3A,DLC„Äå„Éû„Éã„Ç¢„ÇØ„Çπ„Éë„ÉÉ„ÇØ„ÄçÁ¥π‰ªãPV ‚Äê„ÄéÁúü„ÉªÂ•≥Á•ûËª¢ÁîüIII NOCTURNE HD REMASTER„Äè
RQqJeIyyQBs,"Kali Uchis, Rico Nasty ‚Äì Aqu√≠ Yo Mando [Official Music Video]"
bJbAZh3fv0g,Coming Sept. 4 | Mulan | Disney+
JJk1ji23Ey8,Veggie & Fish Tank
yVdH3QacEXc,Selena Gomez - This is the Year (Official Premiere Event)
hsm4poTWjMs,Cardi B - WAP feat. Megan Thee Stallion [Official Music Video]
rs2Rcu0s_2k,SUMMER JOB! *Me And My Best Friend Got An Ice Cream Truck*
1hx4vCChBlI,robot boyfriend
9wDhKJsF5Zk,Cardi B Defends Kylie Jenner In 'WAP' Music Video As Fans Make Petition For Her Removal | PeopleTV
xNFEor9dhY0,SURPRISING BEST FRIEND WITH BUBBA GUMP SHRIMP
vml4hskxqtE,Every Drive Thru Ever
JNJN5HMkRao,Saved by the Bell | Official Teaser 2 | Peacock
vzXYz61U3Gk,We Need Some Time Apart
KmVG1Yx1kwQ,3 DAYS with the Samsung Galaxy Note 20 Ultra! | The Tech Chap
5V2B28OqfqM,"I Spent $1,000,000 On Lottery Tickets and WON"
n_8hxS_7Vis,Shannon reacts to Kyle Kuzma's game-winning shot ‚Äî I'm concerned about the Lakers | NBA | UNDISPUTED
tbsu-AWH-C0,Stephen Sharer - SLUSHIE (Official Music Video)
28YwvwneKoY,My Decaying Mind in Quarantine
FopIxceEr8g,EXTREME Game of Hide and Seek in my NEW HOUSE!!
8QsH_xPQFqM,ALREADY | Black Is King | Aliya Janell | Kany Diabate Choreography | Queens N Lettos
jp47GeO6k6Q,How Does He Get Away With This?
ar6UiTbuoSU,"THE OFFICIAL REVEAL OF MY NEW $10,000,000 HOUSE! (Full Tour)"
FQnJRVn3QVk,Watching Movie Trailers... Then Guessing Their Review Scores
goOmZUwQYlA,100k
fITRL6oXWao,Dame Drops 61 As Portland's Playoff Quest Continues | NBA on TNT Tuesday
RN8uoBwRr1k,Binging with Babish: Paunch Burger from Parks & Rec
gi3VMMiFHVg,Giannis Gets Ejected After Headbutting Mo Wagner
PHYtv0v2DeA,"NUGGETS at LAKERS | FULL GAME HIGHLIGHTS | August 10, 2020"
AG9qDVXEemc,CASH NASTY MADE A MISTAKE CHALLENGING ME TO THIS 1V1... @Agent 02
bGtR3l_JeUo,Uncle Roger Meet Egg Fried Rice Lady (@Hersha Patel)
lcnWx5tiwhM,Exposing My Browsing History!
KnE6u4hFx14,PAINTING OUR FACES ON BRENT'S NEW HOUSE! (REVENGE)
BpXkl4VdFhA,Swapping Outfits With A Drag Queen!
JXzk8G9aXI8,Avatar Intro but with Animals
5JC2trEXxhE,Seattle Police Chief Carmen Best will resign Tuesday
3qxGj18nAR4,MY FIRST DAY OF SCHOOL VLOG  *Senior Year* 2020-21
koHs2-xKdEk,2HYPE Goes Shark Fishing!
QjB3I4zaKRk,Mozart La Para - El Pap√° del L√°piz (Video Oficial)
YFn3NtG4bJ8,Collin Morikawa | Best Shots from His Final Round 64 at the 2020 PGA Championship
vysBEblWBoQ,Lewis sets UFC record! Derrick Lewis v Alexei Oleinik | UFC Highlights
F82kzN-ae3o,Grilled Ribeye Steak Sausage
khhxZRo527Q,Our Fertility Journey: Episode 10
hEU_MnFTJ_c,LIVE BIRTH OF OUR BABY BOY *EMOTIONAL*
oXTcmpnjdBk,Collin Morikawa Hits Incredible Drive to Win 2020 PGA Championship
GsL8veaFW-s,North Carolina 5.1 magnitude earthquake felt in several surrounding states
1mZ1f_8YOEc,Widespread looting reported overnight in downtown Chicago
Yvlmj0rtnpc,WE DID IT
Gj_SlGSZFgA,Who Makes The BEST Hot Dog *Glizzy* üå≠
6rhLJ6T6NDI,WE SECRETLY FILMED THE DOLAN TWINS | Jeff's Barbershop
xX9PYIIgoEA,Rich Brian & eaJ of DAY6 - LOVE IN MY POCKET ‚ù§Ô∏è
DrlnrRQK84A,I SURPRISED HIM WITH HIS DREAM CAR!!
Q_KW4u0t07k,QUESADILLAS | Mexican Survival Guide
iR7UweUPeNw,"Can LeBron, AD and Kyle Kuzma Become LA's New ‚ÄòBig Three‚Äô? | NBA on TNT Tuesday"
3LqQB4HV8qg,I rescued my cat from the sewer
ysdw7cmigZM,"Game Theory: Minecraft, Stop Using Diamonds!"
LNDhIGR-83w,Beirut explosion: Video shows new angle of the massive blast
UcXVnupm0zk,DID YOU FEEL IT? 5.1 magnitude earthquake in North Carolina
avgBgc210bg,New videos of Beirut massive explosion emerging online
CiCT7NCP6BY,Rod Wave - Letter From Houston (Official Music Video)
MKHriv5r8pk,Meet Kohl (Date #3) | Brooklyn's 10 DATES in 10 DAYS
0a5YhsnITFE,"LFR13 - QR, Game 5 - Done - CBJ 3, Tor 0"
xTpr7piQu2M,FUT 21 | Official Trailer
Oe9naV81gdY,12 Types of People on TikTok
6Taz7ZzPYeI,DaBaby - Blind feat Young Thug (Official Audio)
qn515i8xr-4,Surprising Thomas with a Motorcycle!!
53sqVjcdM4Q,Rating My Wife's Pregnancy Outfits
z9i14AlzWL0,VIDEOS that are truly funny
#NAME?,Lapiz Conciente - 9 Dias
nX0NDmm1K1g,I hate the I am not a robot verification.
fHKNO3DV78M,"Trump halts payroll tax, extends jobless benefits"
kzST_Q2Xbks,Draymond Green Shares Why He's Picking LeBron as the MVP | NBA on TNT
YwJyis4yOEA,ANSWERING YOUR ASSUMPTIONS ABOUT US üò≠
4OCcbUZuTUQ,TREASURE ‚Äì ‚ÄòBOY‚Äô 0809 SBS Inkigayo
nk44yPCN3gM,$3000 vs. $500 Suspension Upgrade
arijxoU5nB0,"TIPPING DELIVERY DRIVERS $1,000 DOLLARS!!"
lw68FF0GEX8,JEOPARDY: SIDEMEN EDITION
gSc0o6xVnmY,Juice WRLD & The Weeknd - Smile (Official Lyric Video)
8r1D-vNUWsg,‚òÅÔ∏è üçû CLOUD BREAD
LI1hCQ-6P0Y,AN UMBRELLA ACADEMY UNBOXING
6f-jjV5LJoE,Road Rage ‚Äì Why Motorcycle Riders Smash Windows
YIlhmtpDjmo,WHAT KSI SHOULD HAVE BOUGHT TOBI FOR SIDEMEN SUNDAY
JxAlZOn4QhM,Rod Wave - Rags 2 Riches Ft. Lil Baby & ATR SonSon (Official Audio)
EukpxRuDUzA,Prepping My Apartment for My Boyfriend to Move In!
QsUfsZzxi9c,"Whatever You Build, I'll Pay For!"
xCkpA4_H1x4,UPDATE: CLAN WARS 2 ‚öîÔ∏è How does it work? TV Royale - Clash Royale News
THQH9QJKrIE,"Trump signs executive orders on unemployment, evictions, student loans and payroll tax"
TUlFDVUTsKg,Highlights | Man City 2-1 Real Madrid | Champions League 2020 - Octavos de final | TUDN
A5RHu1lTv14,Satina Wants a Bedtime Story (SATINA SHORT #1)
Idp1xvmLPHo,LaBrant Family Baby Boy Name Reveal.
bpmGuPhGE0Y,Machine Gun Kelly ft. blackbear - my ex's best friend (Official Lyric Video)
XlOLx3fyf10,TESTING TIKTOK ART TUTORIALS
tqvEEqWGCyE,The (Real) Delusion That You're a Corpse
qq7MSjXHRTU,Barcelona vs. Napoli | Champions League Round of 16 Highlights | UCL on CBS Sports
4UiaCC01Vwk,"DISNEY MEDLEY: Frozen II, The Little Mermaid, Moana, Aladdin + MORE"
6i01tOMgBDU,Ashnikko - Daisy (Official Video)
PORP0q8nThs,Getting Suspended In High School
FU92piysGBg,STILTED TRAMPOLINE STAIRCASE INTO THE OCEAN  | JOOGSQUAD PPJT
JFm7YDVlqnI,Drake - Laugh Now Cry Later (Official Music Video) ft. Lil Durk
dYZlrfarCIs,Barcelona vs. Bayern Munich | Champions League Quarterfinal Highlights | UCL on CBS Sports
0C80BSgjb8M,YoungBoy Never Broke Again - Kacey talk
SCUXdRb5abU,Apex Legends Season 6 ‚Äì Boosted Gameplay Trailer
FbM1yi4mMMc,I Bought A Private Island
e5WUD0g9QHg,2020 XXL Freshman Freestyles Trailer
YNyFAro1E5M,Polo G - Martin & Gina (Official Video)
5A0hhsYVO1Q,"Braun Strowman uses Alexa Bliss to entice ‚ÄúThe Fiend‚Äù Bray Wyatt: SmackDown, August 14, 2020"
fqT81qdPpOw,P2 - Speedway (Official Music Video)
0opZqh_TprM,"Internet Money - Lemonade ft. Don Toliver, Gunna & Nav (Dir. by @_ColeBennett_)"
euiSHuaw6Q4,Nineteen Eighty-Fortnite - #FreeFortnite
aS1no1myeTM,Miley Cyrus - Midnight Sky (Official Video)
IcqFcBmkSoQ,2020 XXL Freshmen Read Mean Comments
1-o42q7yjA4,Dead by Daylight | Chapter XVII Teaser
Biagyb7AcK8,True Facts: The Hummingbird Warrior
Db_mZ_2gtLg,Morgan Wallen - 7 Summers (Lyric Video)
EIzazUv2gtI,The Devil All The Time starring Tom Holland & Robert Pattinson | Official Trailer | Netflix
vZA5heWazIQ,Katy Perry - Smile
nyzhtvtJWDQ,SuperM ÏäàÌçºÏó† ‚Äò100' MV
korwt6MHfkA,MILEY CYRUS VLOG
8yqpfLLG_vQ,JAMIE FOXX GAVE ME A BLACK EYE
X57qD_LTRgY,Nickelback - The Devil Went Down To Georgia (Cover by Nickelback) [Official Animated Video]
L2O-ZLKLhiw,Film Theory: Rick is a Morty CONFIRMED! (Rick and Morty)
7XvVaeVdPnQ,The SIDEMEN play FALL GUYS (Sidemen Gaming)
E3tCHMagPOY,Dua Lipa - Levitating (feat. Madonna and Missy Elliott) [The Blessed Madonna Remix] (Official Video)
nPO2XNDFWN0,Trey Songz - Circles [Official Music Video]
279RNoP5UyU,John Legend - Wild (feat. Gary Clark Jr.) (Official Video)
pWoerADzny4,Savannah Dexter - Gottem Talking ft. Adam Calhoun (Official Music Video)
qYrELVEGJkg,TWO NEW ALBUMS OUT NOW & I'M CRYING!
uROtbSbkaq8,Miscellaneous Myths: The Book Of Invasions
re4nmwWJrBU,I Bought FAKE James Charles Merch!
iIDWMpP84jY,We Built a Clear Bed to See Our Cat‚Äôs Toe Beans
XDCXT7C7lnk,Alicia Keys - So Done (Official Video) ft. Khalid
84lMEGPUmi4,"Is it time for Messi to leave Barca? Gary Lineker, Rio Ferdinand, and Owen Hargreaves discuss"
G6PZm8vhm6I,Christina Aguilera - Loyal Brave True (From Mulan/Official Video)
dANJlolAYyA,Machine Gun Kelly - concert for aliens (Official Music Video)
446fgjNuhTQ,[OFFICIAL VIDEO] Happy Now - Pentatonix
uf-36RC6JHE,Lapiz  Conciente - El Descanso Eterno
1YlsqNMzaL8,sewing a dress from scratch *project runway i'm ready*
90Mb0sGociQ,SURPRISING VLOG SQUAD WITH CRAZY TATTOO GAME!!
dX480fsk510,How Hard Fighting Game Combos used to be
uhZE84C5g0M,Meet Matt (Date #4) | Brooklyn's 10 Dates in 10 Days
rYErvhVhlzU,Did the Pandemic Make Late Night TV Better?
c-ogahIlhWk,The Ultimate Garden Swing
ZOcI_9pAR_A,"Food Theory: The TRUE Cost of Winning $1,000,000 at McDonald's (Monopoly)"
H7CpOdB2-rg,In defense of CATS
3C66w5Z0ixs,I ASKED HER TO BE MY GIRLFRIEND...
KHeVTRrg4h8,Dana White Addresses Why Conor McGregor is Still in UFC Rankings
fnGRjwAst7o,Aquaman - The Worst Superhero Movie Ever Made?
EDO8Z3O7lus,Biggest Trash Talker EVER Gets EXPOSED BAD! 1v1 Basketball In Arizona!
2avPJ9TZNmU,Juice WRLD & The Weeknd - Smile (Official Video)
ay-8L8PZ6BI,Toosii - Reminiscing
NvgYhf2LnVI,[Dream SMP War] | Animatic
31JRUvNQnpM,Dua Lipa - Levitating (feat. Madonna and Missy Elliott) [The Blessed Madonna Remix] (Audio)
5xd9lQ0G78Q,Linkin Park - Hybrid Theory 20th Anniversary Edition | Out October 9
_J9Z74dQXrQ,Leipzig vs. Atl√©tico Madrid | Champions League Quarterfinal Highlights | UCL on CBS Sports
hz9_jkrrptU,BTS (Î∞©ÌÉÑÏÜåÎÖÑÎã®) 'BREAK THE SILENCE: THE MOVIE' Official Trailer 1 (30'')
J78aPJ3VyNs,I left youtube for a month and THIS is what happened.
SsWHMAhshPQ,Ovi x Natanael Cano x Aleman x Big Soto - Vengo De Nada [Official Video]
M9Pmf9AB4Mo,Apex Legends | Stories from the Outlands ‚Äì ‚ÄúThe Endorsement‚Äù
kXLn3HkpjaA,XXL 2020 Freshman Class Revealed - Official Announcement
SWlnzF8bFXM,We Buy a Donk Project. Goal: 1000HP! Part 1 of 69
VIUo6yapDbc,Ultimate DIY Home Movie Theater for The LaBrant Family!
LZj4thUjeaM,The End - Marvel's Agents of S.H.I.E.L.D.
JX3OU5weSOQ,FIFA 21 | Official Career Mode Trailer
vJGkkncp3wI,The Blazers Beat Brooklyn in a Thriller to Clinch a Play-In Spot | NBA on TNT
tOQgGQKi-n4,FLETCHER - If I Hated You
w-aidBdvZo8,I Haven't Been Honest About My Injury.. Here's THE TRUTH
JeqNGzsOEaw,UFC 252 Embedded: Vlog Series - Episode 4
NSuaUok-wTY,[1147] Locksmith Says My Videos Are BS... Loses $75 (Maybe)
W7VK4DUHvKU,"Lil Yachty - Pardon Me ft. Future, Mike WiLL Made-It"
ymyY7jez0rM,Joe Biden Introduces Sen. Kamala Harris (D-CA) As Running Mate
uet14uf9NsE,OUR FIRST FAMILY INTRO!!
ELS5RLbSukU,I Downloaded The World's Hardest Mod!
7g0oEVP1huA,Do Our Parents Approve Of Our Engagement? Q&A With Both Families
49Z6Mv4_WCA,i don't know what im doing anymore
LrIFp4sAIGo,UNCUT Team TaylorMade Long Drive CONTEST With SIM | TaylorMade Golf
CqRKOY4Cgvw,The new Surface¬†Duo. Do one better.
gPdUslndvVI,Our Farm Got Destroyed.
ua4QMFQATco,CGP Grey was WRONG
nt3VVyv5pxQ,Try Not To Laugh Challenge #51
Que4RnxYLNc,iann dior ‚Äì Prospect ft. Lil Baby (Official Video)
SnsPZj91R7E,SURPRISING MY DAD WITH HIS DREAM TRUCK!! | Louie's Life
#NAME?,The Weeknd Experience LIVE - Director's Cut (Trailer)
OQZ5ht79nEw,Answering Your Assumptions About Us... Merrell Twins
5WjcDji3xYc,Honest Trailers | Avatar: The Last Airbender
AVYBAxqykdE,Mint Mobile Plus
oZOVFc0bLpA,"Jimmy Butler Trucks Chris Paul, CP3 Bounces Ball Off Duncan Robinson's Head"
6TIsR_7nrNc,Kylie Jenner Reacts To 'WAP' Music Video Backlash
CR4m1Lxpu0A,THE BIGGEST FOOTBALL CHALLENGE EVER!
f8T_-E1ViVw,Gunna - WUNNA FLO (feat. Yak Gotti) [Official Video]
I6hswz4rIrU,Rainbow Six Siege: Operation Shadow Legacy Reveal Trailer | Ubisoft [NA]
bJbAZh3fv0g,Coming Sept. 4 | Mulan | Disney+
jbGRowa5tIk,ITZY ‚ÄúNot Shy‚Äù M/V TEASER
W9Aen8hG20Y,When Our Generation Gets Old and Hears a Throwback Song 5
FDq9QC206eU,Koffee - Pressure (Lyric Video)
GTp-0S82guE,Time to Talk..
BNeDH6UTmXw,Ten Minutes with Tyler Cameron | Q&A
p7HGUZWq_8s,Doing Doja Cat‚Äôs Makeup!!
7osSbbc2xVg,First Day of School GRWM + Vlog | College Edition | LexiVee03
vePc5V4h_kg,Shark Attack Test- Human Blood vs. Fish Blood
9nidKH8cM38,TAXI CAB SLAYER KILLS 'TO KNOW HOW IT FEELS'
NYXABBpPJss,When you get on the grill for your friends Birthday
mLOe7vGI0YI,Beerus VS Sailor Galaxia (Dragon Ball VS Sailor Moon) | DEATH BATTLE!
DiQ2AieIo0Q,Strongest Women VS Strongest Fish
FFt_dffYAtA,"NBA 2K21 Jump Shot Aiming, Quick Draw Gone!"
0La8uz7WJiU,Stephen A. reacts to Damian Lillard dropping 61 points vs. the Mavericks | First Take
KX06ksuS6Xo,Diljit Dosanjh: CLASH (Official) Music Video | G.O.A.T.
AMXT1ok5UBg,THIS IS THE END.
GYeKX_LPY9U,15 Friendliest Sea Creatures Around The World
HRPaFOs4vu4,UFC 252 Embedded: Vlog Series - Episode 3
z5l8ovbw_6M,Don't be a Tourist
XsmkTqsygD4,42 Dugg - Big 4's (Official Video)
zrsBjYukE8s,Î∞ïÏßÑÏòÅ (J.Y. Park) When We Disco (Duet with ÏÑ†ÎØ∏) M/V
PT6hPvOqTYc,Being replaced.
CezxKs9YLv0,"Here's Why We Do Sponsored Videos, What Are Your Thoughts?"
kgkALngcgnE,NLE Choppa - Top Shotta Flow (Official Music Video)
GGEBtW2mWOk,Addressing RUMORS About Me While Testing New Makeup
9AecsACtkB4,Watch Secret Service agents pull Trump from a press briefing after shooting outside the White House
Mle7n1PuH9o,Megan Thee Stallion | Revlon Makeup Tutorial
Aur7UgTGlL0,"TRAIL BLAZERS at MAVERICKS | FULL GAME HIGHLIGHTS | August 11, 2020"
lIgtAxmA800,Lil Mosey - Top Gone (ft. Lunay) [Official Music Video]
p6RatnMhDj8,I TOOK A PREGNANCY TEST...
N5KpIE2tz8M,Tom MacDonald - GRAVESTONES ALBUM
IuMAHR0OtH4,My dog goes swimming for the first time!
RN8uoBwRr1k,Binging with Babish: Paunch Burger from Parks & Rec
zHPVGSwLhcg,Unboxing Apple's $129 Luxury Cable
8fUGbilT5MQ,ULTIMATE Summer Lemonade Cake! | How To Cake It with Yolanda Gampp
6IN4ZcZAUbA,The global coffee crisis is coming
RQqJeIyyQBs,"Kali Uchis, Rico Nasty ‚Äì Aqu√≠ Yo Mando [Official Music Video]"
JJk1ji23Ey8,Veggie & Fish Tank
YHX4lUSGUBI,'Don't mess with Dame Dolla' - Stephen A. reacts to Lillard's beef with Paul George | First Take
CyKAgXbEX3A,DLC„Äå„Éû„Éã„Ç¢„ÇØ„Çπ„Éë„ÉÉ„ÇØ„ÄçÁ¥π‰ªãPV ‚Äê„ÄéÁúü„ÉªÂ•≥Á•ûËª¢ÁîüIII NOCTURNE HD REMASTER„Äè
hsm4poTWjMs,Cardi B - WAP feat. Megan Thee Stallion [Official Music Video]
yVdH3QacEXc,Selena Gomez - This is the Year (Official Premiere Event)
tbsu-AWH-C0,Stephen Sharer - SLUSHIE (Official Music Video)
rs2Rcu0s_2k,SUMMER JOB! *Me And My Best Friend Got An Ice Cream Truck*
1hx4vCChBlI,robot boyfriend
xNFEor9dhY0,SURPRISING BEST FRIEND WITH BUBBA GUMP SHRIMP
9wDhKJsF5Zk,Cardi B Defends Kylie Jenner In 'WAP' Music Video As Fans Make Petition For Her Removal | PeopleTV
vzXYz61U3Gk,We Need Some Time Apart
JNJN5HMkRao,Saved by the Bell | Official Teaser 2 | Peacock
KmVG1Yx1kwQ,3 DAYS with the Samsung Galaxy Note 20 Ultra! | The Tech Chap
28YwvwneKoY,My Decaying Mind in Quarantine
n_8hxS_7Vis,Shannon reacts to Kyle Kuzma's game-winning shot ‚Äî I'm concerned about the Lakers | NBA | UNDISPUTED
vml4hskxqtE,Every Drive Thru Ever
8QsH_xPQFqM,ALREADY | Black Is King | Aliya Janell | Kany Diabate Choreography | Queens N Lettos
jp47GeO6k6Q,How Does He Get Away With This?
Tujt4APHPzo,FIRST DAY IN THE NEW HOUSE! Ellie and Jared Move In!
FQnJRVn3QVk,Watching Movie Trailers... Then Guessing Their Review Scores
goOmZUwQYlA,100k
fITRL6oXWao,Dame Drops 61 As Portland's Playoff Quest Continues | NBA on TNT Tuesday
bGtR3l_JeUo,Uncle Roger Meet Egg Fried Rice Lady (@Hersha Patel)
AG9qDVXEemc,CASH NASTY MADE A MISTAKE CHALLENGING ME TO THIS 1V1... @Agent 02
PHYtv0v2DeA,"NUGGETS at LAKERS | FULL GAME HIGHLIGHTS | August 10, 2020"
ar6UiTbuoSU,"THE OFFICIAL REVEAL OF MY NEW $10,000,000 HOUSE! (Full Tour)"
FopIxceEr8g,EXTREME Game of Hide and Seek in my NEW HOUSE!!
JXzk8G9aXI8,Avatar Intro but with Animals
F82kzN-ae3o,Grilled Ribeye Steak Sausage
KnE6u4hFx14,PAINTING OUR FACES ON BRENT'S NEW HOUSE! (REVENGE)
BpXkl4VdFhA,Swapping Outfits With A Drag Queen!
lcnWx5tiwhM,Exposing My Browsing History!
3qxGj18nAR4,MY FIRST DAY OF SCHOOL VLOG  *Senior Year* 2020-21
koHs2-xKdEk,2HYPE Goes Shark Fishing!
gi3VMMiFHVg,Giannis Gets Ejected After Headbutting Mo Wagner
aG8QsfDisdg,"Hundreds of looters target stores downtown, across Chicago overnight; 100 arrested"
5JC2trEXxhE,Seattle Police Chief Carmen Best will resign Tuesday
QjB3I4zaKRk,Mozart La Para - El Pap√° del L√°piz (Video Oficial)
YFn3NtG4bJ8,Collin Morikawa | Best Shots from His Final Round 64 at the 2020 PGA Championship
Gj_SlGSZFgA,Who Makes The BEST Hot Dog *Glizzy* üå≠
vysBEblWBoQ,Lewis sets UFC record! Derrick Lewis v Alexei Oleinik | UFC Highlights
khhxZRo527Q,Our Fertility Journey: Episode 10
oXTcmpnjdBk,Collin Morikawa Hits Incredible Drive to Win 2020 PGA Championship
z9i14AlzWL0,VIDEOS that are truly funny
GsL8veaFW-s,North Carolina 5.1 magnitude earthquake felt in several surrounding states
6rhLJ6T6NDI,WE SECRETLY FILMED THE DOLAN TWINS | Jeff's Barbershop
Yvlmj0rtnpc,WE DID IT
hEU_MnFTJ_c,LIVE BIRTH OF OUR BABY BOY *EMOTIONAL*
DrlnrRQK84A,I SURPRISED HIM WITH HIS DREAM CAR!!
Q_KW4u0t07k,QUESADILLAS | Mexican Survival Guide
xX9PYIIgoEA,Rich Brian & eaJ of DAY6 - LOVE IN MY POCKET ‚ù§Ô∏è
iR7UweUPeNw,"Can LeBron, AD and Kyle Kuzma Become LA's New ‚ÄòBig Three‚Äô? | NBA on TNT Tuesday"
ysdw7cmigZM,"Game Theory: Minecraft, Stop Using Diamonds!"
3LqQB4HV8qg,I rescued my cat from the sewer
CiCT7NCP6BY,Rod Wave - Letter From Houston (Official Music Video)
5V2B28OqfqM,"I Spent $1,000,000 On Lottery Tickets and WON"
LNDhIGR-83w,Beirut explosion: Video shows new angle of the massive blast
avgBgc210bg,New videos of Beirut massive explosion emerging online
MKHriv5r8pk,Meet Kohl (Date #3) | Brooklyn's 10 DATES in 10 DAYS
6Taz7ZzPYeI,DaBaby - Blind feat Young Thug (Official Audio)
UcXVnupm0zk,DID YOU FEEL IT? 5.1 magnitude earthquake in North Carolina
Oe9naV81gdY,12 Types of People on TikTok
0a5YhsnITFE,"LFR13 - QR, Game 5 - Done - CBJ 3, Tor 0"
qn515i8xr-4,Surprising Thomas with a Motorcycle!!
53sqVjcdM4Q,Rating My Wife's Pregnancy Outfits
nX0NDmm1K1g,I hate the I am not a robot verification.
#NAME?,Lapiz Conciente - 9 Dias
fHKNO3DV78M,"Trump halts payroll tax, extends jobless benefits"
YwJyis4yOEA,ANSWERING YOUR ASSUMPTIONS ABOUT US üò≠
4OCcbUZuTUQ,TREASURE ‚Äì ‚ÄòBOY‚Äô 0809 SBS Inkigayo
NkE0AMGzpJY,"Last To Leave $800,000 Island Keeps It"
JFm7YDVlqnI,Drake - Laugh Now Cry Later (Official Music Video) ft. Lil Durk
QcTwbXLMm9c,Dixie's $30k Birthday Gift Mission | Charli D'Amelio
dYZlrfarCIs,Barcelona vs. Bayern Munich | Champions League Quarterfinal Highlights | UCL on CBS Sports
vwnyP6979xE,Manchester City vs. Lyon | Champions League Quarterfinal Highlights | UCL on CBS Sports
qDFjsMFojzs,Orgy üëÖ Palette & Collection Reveal! | Jeffree Star Cosmetics
ozWNPkhqi8o,the boys read mean tweets
7mH-ug3Dgo8,UFC 252 Highlights | Miocic retains heavyweight title with decisive win over Cormier | CBS Sports HQ
0C80BSgjb8M,YoungBoy Never Broke Again - Kacey talk
m1t1ooj_Em0,I Instruct My Boyfriend To Paint My Nails But In French
4fSGeKU5Mvw,Pro Fighters react to Sean O'Malley's injury & loss to Marlon 'Chito' Vera at UFC 252
jWQNqlZ47Ec,Mo3 & Kevin Gates - Broken Love (Official Video)
e5WUD0g9QHg,2020 XXL Freshman Freestyles Trailer
SCUXdRb5abU,Apex Legends Season 6 ‚Äì Boosted Gameplay Trailer
FbM1yi4mMMc,I Bought A Private Island
5A0hhsYVO1Q,"Braun Strowman uses Alexa Bliss to entice ‚ÄúThe Fiend‚Äù Bray Wyatt: SmackDown, August 14, 2020"
6BEfZCH1nN8,IMPORTANT NEWS ABOUT ANNABELLE ‚Äú ESCAPING ‚Äú
xE2f745DICI,David Benavidez vs. Alexis Angulo: Highlights | SHOWTIME CHAMPIONSHIP BOXING
4rjNpA94ly4,UFC 252: Post-fight Press Conference
b8pSdMHicYw,What Really Happened to Sean O'Malley vs Marlon Chito Vera ü•ä | UFC 252 Full Fight Recap
0opZqh_TprM,"Internet Money - Lemonade ft. Don Toliver, Gunna & Nav (Dir. by @_ColeBennett_)"
YNyFAro1E5M,Polo G - Martin & Gina (Official Video)
fqT81qdPpOw,P2 - Speedway (Official Music Video)
4YxOo_o006k,WE SURPRISED FAZE RUG WITH THIS ...
oBOKCRuo2y4,TELLING OUR FAMILY WE'RE PREGNANT! *Pregnancy Reactions*
_rJYc_k-w84,ANNABELLE THE DOLL ESCAPED?
oVa90i9OKQg,HOT GIRL RACED ME! (Ferrari 812 Superfast vs Hellcat Redeye)
_jj_-ElKrdM,BITTEN - by a GIANT CATFISH!
_3DHGXgZ-_s,Game Theory: Sonic is TOO Powerful! (Sonic the Hedgehog)
tFZEP1z5Tr4,We have some explaining to do...
aS1no1myeTM,Miley Cyrus - Midnight Sky (Official Video)
Biagyb7AcK8,True Facts: The Hummingbird Warrior
8oKYK1MPwhM,TRUMP INTERVIEW ‚Äî A Bad Lip Reading
Db_mZ_2gtLg,Morgan Wallen - 7 Summers (Lyric Video)
IcqFcBmkSoQ,2020 XXL Freshmen Read Mean Comments
euiSHuaw6Q4,Nineteen Eighty-Fortnite - #FreeFortnite
vZA5heWazIQ,Katy Perry - Smile
O10tb7s1ja4,MAIL ROOM - EP 16: Delta Farce & Prehistoric Creatures
KOIgb6lQ1JY,Going On a Date With My CRUSH (awkward)
0VJ37Gsmq4Y,BRASA ‚ùå CHANTAL MEDINA - EX (Video Oficial)
7pgY_TpojtU,Snoop Dogg - Nipsey Blue (Official Video)
1-o42q7yjA4,Dead by Daylight | Chapter XVII Teaser
991WEUcdXoo,POSTPARTUM DEPRESSION IS REAL!!
hid7EJkwDNk,Is The Metric System Actually Better?
EIzazUv2gtI,The Devil All The Time starring Tom Holland & Robert Pattinson | Official Trailer | Netflix
_yKoFS4mgHI,SHOOTING AGAINST 16 KEEPERS | IMPOSSIBLE CHALLENGE
8yqpfLLG_vQ,JAMIE FOXX GAVE ME A BLACK EYE
0wurtsQ31TE,Why Everest Isn't Earth‚Äôs Highest Mountain... sorta
korwt6MHfkA,MILEY CYRUS VLOG
7XvVaeVdPnQ,The SIDEMEN play FALL GUYS (Sidemen Gaming)
nPO2XNDFWN0,Trey Songz - Circles [Official Music Video]
uR6iN7Ty_mc,Me. Painting on Things.
279RNoP5UyU,John Legend - Wild (feat. Gary Clark Jr.) (Official Video)
L2O-ZLKLhiw,Film Theory: Rick is a Morty CONFIRMED! (Rick and Morty)
pWoerADzny4,Savannah Dexter - Gottem Talking ft. Adam Calhoun (Official Music Video)
re4nmwWJrBU,I Bought FAKE James Charles Merch!
3-2dn0VupZM,Young Dolph - 1 Scale (Audio) ft. G Herbo
XDCXT7C7lnk,Alicia Keys - So Done (Official Video) ft. Khalid
qYrELVEGJkg,TWO NEW ALBUMS OUT NOW & I'M CRYING!
iIDWMpP84jY,We Built a Clear Bed to See Our Cat‚Äôs Toe Beans
G6PZm8vhm6I,Christina Aguilera - Loyal Brave True (From Mulan/Official Video)
uROtbSbkaq8,Miscellaneous Myths: The Book Of Invasions
So1wxlBfFJk,Animated Spellbook: Health potions
446fgjNuhTQ,[OFFICIAL VIDEO] Happy Now - Pentatonix
Itr3jnGNNEo,he saved my life
dANJlolAYyA,Machine Gun Kelly - concert for aliens (Official Music Video)
ydipwkP8r_Y,[MV] WONHO(ÏõêÌò∏) _ Losing You
o2L1mnfIjtA,"Barcelona vs Bayern Munich [2-8], Champions League, Quarter-Final - MATCH REVIEW"
1YlsqNMzaL8,sewing a dress from scratch *project runway i'm ready*
VDz87RfzDps,Darell - Booty Call (Official Video) ft. Kevvo
uf-36RC6JHE,Lapiz  Conciente - El Descanso Eterno
90Mb0sGociQ,SURPRISING VLOG SQUAD WITH CRAZY TATTOO GAME!!
x2JkhZd_Kxc,Action Bronson Shakes It Out While Eating Spicy Wings | Hot Ones
LgJhcGl_h7Y,Summer Walker - White Tee Ft. NO1-NOAH [Official Video]
3WluJtsQEPs,Shenseea - Sure Sure (Official Music Video)
CNMvPse-P-g,Madden 21 | The Yard Trailer
84lMEGPUmi4,"Is it time for Messi to leave Barca? Gary Lineker, Rio Ferdinand, and Owen Hargreaves discuss"
jqPofJ3tKKM,King Von Why He Told / Took Her To The O (Live Piano Medley) | Fine Tuned
b703NY5__pA,Kylie & Corey Take Shots and Toast to Kris...Who's Losing Her Patience | KUWTK Exclusive Look | E!
9ZZEiDyzy04,YUNGBLUD with Denzel Curry - Lemonade
bUAxPG3GYi8,Ciara  - Rooted ft. Ester Dean (Official Video)
dX480fsk510,How Hard Fighting Game Combos used to be
c-ogahIlhWk,The Ultimate Garden Swing
RA86c9veerc,Cookiee Kawaii & Tyga - Vibe (If I Back It Up) (Official Video)
rYErvhVhlzU,Did Late Night TV Change in 2020?
uViueiV8fME,The Weeknd Experience - Blinding Lights (Animated Video)
OplU67FMw5U,She Couldn't (Official Audio) - Linkin Park
A3VYsISvUy4,Atalanta vs. PSG | Champions League Quarterfinal Highlights | UCL on CBS Sports
uhZE84C5g0M,Meet Matt (Date #4) | Brooklyn's 10 Dates in 10 Days
RuhvdaDabpU,Rico Nasty - IPHONE [Official Music Video]
H7CpOdB2-rg,In defense of CATS
#NAME?,A Zombie Extra‚Äôs First Day on Set - Key & Peele
p35UfHw7PPI,Merkules - ''DEMONS'' (Official Video)
KHeVTRrg4h8,Dana White Addresses Why Conor McGregor is Still in UFC Rankings
wq5vHxY8kdU,A UNIQUE Start to Training Camp 2020! | Hard Knocks Los Angeles FULL Episode 1
3C66w5Z0ixs,I ASKED HER TO BE MY GIRLFRIEND...
JCkyKujZplk,Rubi Rose He In His Feelings (Official Music Video)
fnGRjwAst7o,Aquaman - The Worst Superhero Movie Ever Made?
ay-8L8PZ6BI,Toosii - Reminiscing
2avPJ9TZNmU,Juice WRLD & The Weeknd - Smile (Official Video)
waImBy8OMrs,Burna Boy - Level Up (Twice As Tall) (feat. Youssou N'Dour) [Official Audio]
NvgYhf2LnVI,[Dream SMP War] | Animatic
EDO8Z3O7lus,Biggest Trash Talker EVER Gets EXPOSED BAD! 1v1 Basketball In Arizona!
31JRUvNQnpM,Dua Lipa - Levitating (feat. Madonna and Missy Elliott) [The Blessed Madonna Remix] (Audio)
5xd9lQ0G78Q,Linkin Park - Hybrid Theory 20th Anniversary Edition | Out October 9
ZOcI_9pAR_A,"Food Theory: The TRUE Cost of Winning $1,000,000 at McDonald's (Monopoly)"
FctRkKGTaxc,ITZY Not Shy Album Spoiler
SsWHMAhshPQ,Ovi x Natanael Cano x Aleman x Big Soto - Vengo De Nada [Official Video]
hz9_jkrrptU,BTS (Î∞©ÌÉÑÏÜåÎÖÑÎã®) 'BREAK THE SILENCE: THE MOVIE' Official Trailer 1 (30'')
J78aPJ3VyNs,I left youtube for a month and THIS is what happened.
M9Pmf9AB4Mo,Apex Legends | Stories from the Outlands ‚Äì ‚ÄúThe Endorsement‚Äù
kXLn3HkpjaA,XXL 2020 Freshman Class Revealed - Official Announcement
SWlnzF8bFXM,We Buy a Donk Project. Goal: 1000HP! Part 1 of 69
LZj4thUjeaM,The End - Marvel's Agents of S.H.I.E.L.D.
VIUo6yapDbc,Ultimate DIY Home Movie Theater for The LaBrant Family!
tOQgGQKi-n4,FLETCHER - If I Hated You
W7VK4DUHvKU,"Lil Yachty - Pardon Me ft. Future, Mike WiLL Made-It"
JX3OU5weSOQ,FIFA 21 | Official Career Mode Trailer
NSuaUok-wTY,[1147] Locksmith Says My Videos Are BS... Loses $75 (Maybe)
vJGkkncp3wI,The Blazers Beat Brooklyn in a Thriller to Clinch a Play-In Spot | NBA on TNT
JeqNGzsOEaw,UFC 252 Embedded: Vlog Series - Episode 4
w-aidBdvZo8,I Haven't Been Honest About My Injury.. Here's THE TRUTH
LrIFp4sAIGo,UNCUT Team TaylorMade Long Drive CONTEST With SIM | TaylorMade Golf
uet14uf9NsE,OUR FIRST FAMILY INTRO!!
49Z6Mv4_WCA,i don't know what im doing anymore
ELS5RLbSukU,I Downloaded The World's Hardest Mod!
Que4RnxYLNc,iann dior ‚Äì Prospect ft. Lil Baby (Official Video)
gPdUslndvVI,Our Farm Got Destroyed.
CqRKOY4Cgvw,The new Surface¬†Duo. Do one better.
nt3VVyv5pxQ,Try Not To Laugh Challenge #51
ua4QMFQATco,CGP Grey was WRONG
ymyY7jez0rM,Joe Biden Introduces Sen. Kamala Harris (D-CA) As Running Mate
bJbAZh3fv0g,Coming Sept. 4 | Mulan | Disney+
f8T_-E1ViVw,Gunna - WUNNA FLO (feat. Yak Gotti) [Official Video]
SnsPZj91R7E,SURPRISING MY DAD WITH HIS DREAM TRUCK!! | Louie's Life
FFt_dffYAtA,"NBA 2K21 Jump Shot Aiming, Quick Draw Gone!"
#NAME?,The Weeknd Experience LIVE - Director's Cut (Trailer)
AVYBAxqykdE,Mint Mobile Plus
7g0oEVP1huA,Do Our Parents Approve Of Our Engagement? Q&A With Both Families
OQZ5ht79nEw,Answering Your Assumptions About Us... Merrell Twins
5WjcDji3xYc,Honest Trailers | Avatar: The Last Airbender
FDq9QC206eU,Koffee - Pressure (Lyric Video)
6TIsR_7nrNc,Kylie Jenner Reacts To 'WAP' Music Video Backlash
jbGRowa5tIk,ITZY ‚ÄúNot Shy‚Äù M/V TEASER
I6hswz4rIrU,Rainbow Six Siege: Operation Shadow Legacy Reveal Trailer | Ubisoft [NA]
CR4m1Lxpu0A,THE BIGGEST FOOTBALL CHALLENGE EVER!
oZOVFc0bLpA,"Jimmy Butler Trucks Chris Paul, CP3 Bounces Ball Off Duncan Robinson's Head"
W9Aen8hG20Y,When Our Generation Gets Old and Hears a Throwback Song 5
p7HGUZWq_8s,Doing Doja Cat‚Äôs Makeup!!
GTp-0S82guE,Time to Talk..
BNeDH6UTmXw,Ten Minutes with Tyler Cameron | Q&A
vePc5V4h_kg,Shark Attack Test- Human Blood vs. Fish Blood
KX06ksuS6Xo,Diljit Dosanjh: CLASH (Official) Music Video | G.O.A.T.
DiQ2AieIo0Q,Strongest Women VS Strongest Fish
9nidKH8cM38,TAXI CAB SLAYER KILLS 'TO KNOW HOW IT FEELS'
NYXABBpPJss,When you get on the grill for your friends Birthday
mLOe7vGI0YI,Beerus VS Sailor Galaxia (Dragon Ball VS Sailor Moon) | DEATH BATTLE!
0La8uz7WJiU,Stephen A. reacts to Damian Lillard dropping 61 points vs. the Mavericks | First Take
7osSbbc2xVg,First Day of School GRWM + Vlog | College Edition | LexiVee03
AMXT1ok5UBg,THIS IS THE END.
GYeKX_LPY9U,15 Friendliest Sea Creatures Around The World
RN8uoBwRr1k,Binging with Babish: Paunch Burger from Parks & Rec
HRPaFOs4vu4,UFC 252 Embedded: Vlog Series - Episode 3
XsmkTqsygD4,42 Dugg - Big 4's (Official Video)
z5l8ovbw_6M,Don't be a Tourist
zrsBjYukE8s,Î∞ïÏßÑÏòÅ (J.Y. Park) When We Disco (Duet with ÏÑ†ÎØ∏) M/V
PT6hPvOqTYc,Being replaced.
CezxKs9YLv0,"Here's Why We Do Sponsored Videos, What Are Your Thoughts?"
kgkALngcgnE,NLE Choppa - Top Shotta Flow (Official Music Video)
GGEBtW2mWOk,Addressing RUMORS About Me While Testing New Makeup
9AecsACtkB4,Watch Secret Service agents pull Trump from a press briefing after shooting outside the White House
Mle7n1PuH9o,Megan Thee Stallion | Revlon Makeup Tutorial
lIgtAxmA800,Lil Mosey - Top Gone (ft. Lunay) [Official Music Video]
Aur7UgTGlL0,"TRAIL BLAZERS at MAVERICKS | FULL GAME HIGHLIGHTS | August 11, 2020"
N5KpIE2tz8M,Tom MacDonald - GRAVESTONES ALBUM
p6RatnMhDj8,I TOOK A PREGNANCY TEST...
zHPVGSwLhcg,Unboxing Apple's $129 Luxury Cable
IuMAHR0OtH4,My dog goes swimming for the first time!
6IN4ZcZAUbA,The global coffee crisis is coming
8fUGbilT5MQ,ULTIMATE Summer Lemonade Cake! | How To Cake It with Yolanda Gampp
RQqJeIyyQBs,"Kali Uchis, Rico Nasty ‚Äì Aqu√≠ Yo Mando [Official Music Video]"
JJk1ji23Ey8,Veggie & Fish Tank
tbsu-AWH-C0,Stephen Sharer - SLUSHIE (Official Music Video)
CyKAgXbEX3A,DLC„Äå„Éû„Éã„Ç¢„ÇØ„Çπ„Éë„ÉÉ„ÇØ„ÄçÁ¥π‰ªãPV ‚Äê„ÄéÁúü„ÉªÂ•≥Á•ûËª¢ÁîüIII NOCTURNE HD REMASTER„Äè
YHX4lUSGUBI,'Don't mess with Dame Dolla' - Stephen A. reacts to Lillard's beef with Paul George | First Take
hsm4poTWjMs,Cardi B - WAP feat. Megan Thee Stallion [Official Music Video]
yVdH3QacEXc,Selena Gomez - This is the Year (Official Premiere Event)
xNFEor9dhY0,SURPRISING BEST FRIEND WITH BUBBA GUMP SHRIMP
rs2Rcu0s_2k,SUMMER JOB! *Me And My Best Friend Got An Ice Cream Truck*
1hx4vCChBlI,robot boyfriend
vzXYz61U3Gk,We Need Some Time Apart
9wDhKJsF5Zk,Cardi B Defends Kylie Jenner In 'WAP' Music Video As Fans Make Petition For Her Removal | PeopleTV
JNJN5HMkRao,Saved by the Bell | Official Teaser 2 | Peacock
KmVG1Yx1kwQ,3 DAYS with the Samsung Galaxy Note 20 Ultra! | The Tech Chap
28YwvwneKoY,My Decaying Mind in Quarantine
8QsH_xPQFqM,ALREADY | Black Is King | Aliya Janell | Kany Diabate Choreography | Queens N Lettos
jp47GeO6k6Q,How Does He Get Away With This?
n_8hxS_7Vis,Shannon reacts to Kyle Kuzma's game-winning shot ‚Äî I'm concerned about the Lakers | NBA | UNDISPUTED
FQnJRVn3QVk,Watching Movie Trailers... Then Guessing Their Review Scores
goOmZUwQYlA,100k
PRU3qndohWI,Animal Crossing used to be so much darker...
NkE0AMGzpJY,"Last To Leave $800,000 Island Keeps It"
Dn4WxSPmTeU,2 Very Independent Baddies getting ready  or whatevah (FUNNY AF)
CsRKOZAu1lc,Lightning strikes seen across SF Bay Area during rare thunderstorm
0w4Nts7YpHo,Surprising FaZe Jarvis with His DREAM Fortnite CRUSH
wTowEKjDGkU,ITZY ‚ÄúNot Shy‚Äù M/V
QcTwbXLMm9c,Dixie's $30k Birthday Gift Mission | Charli D'Amelio
aj3SlTgDrdY,DRAGONBALL FighterZ ‚Äì Master Roshi Announcement Trailer
A5tdgQAZuVY,Sean O'Malley's Damaged Foot EXPLAINED (Sean O'Malley vs Marlon Vera)
JFm7YDVlqnI,Drake - Laugh Now Cry Later (Official Music Video) ft. Lil Durk
y8XvQNt26KI,Unlimited Resources From Space ‚Äì Asteroid Mining
qlDW7UPkon4,I kept her a secret... (The Reveal)
XD6zGTNTy0Q,SIDEMEN GUESS THE FAKE RAPPER
YuCqyvBlcK8,$4 Pancake vs. $88 Pancake
vwnyP6979xE,Manchester City vs. Lyon | Champions League Quarterfinal Highlights | UCL on CBS Sports
mkF7Ep6gygQ,Letting you know I'm okay... Makeup Therapy | NikkieTutorials
BLXyRlsjQBU,Akon & Vlad Get into Heated Debate Over Akon Doing 'Locked Up 2' with Tekashi (Part 7)
UYEyhB0AGlw,Crawling Down A Torpedo Tube -US NAVY Nuclear Submarine - Smarter Every Day 241
uUaPFMqwfAk,TRUTH OR DRINK: Boyfriend Expos√© (definitely TMI)
gWVn4jp6Mgo,STILL Reacting To Every Tik Tok Community Before it Gets Banned... I Regret This.
dYZlrfarCIs,Barcelona vs. Bayern Munich | Champions League Quarterfinal Highlights | UCL on CBS Sports
B_Z4_wEs3q0,"Does Slapping A Chicken 100,000 Times Cook It?"
8eNcqqvVyxI,We blew it! Inflating a tubeless bike tire until it fails catastrophically
7mH-ug3Dgo8,UFC 252 Highlights | Miocic retains heavyweight title with decisive win over Cormier | CBS Sports HQ
F63Sldex_8I,Uncle Roger LOVE this Crazy Chinese Cooking Video
HaeWIOYSxn4,Introducing Fudgy the Golden Retriever Puppy
Xmd7yQvEqPg,Sean O'Malley Devastating Foot Injury at UFC 252 - Doctor Explains What Happened!
TTK_h-RTP-w,Pregnancy Result...?!
baJL6bXVJfE,We've Moved To Canada
BXe19AboYL4,How Anime Affected My Social Life
ozWNPkhqi8o,the boys read mean tweets
qDFjsMFojzs,Orgy üëÖ Palette & Collection Reveal! | Jeffree Star Cosmetics
qfAx5Rz3wF8,I Watched Spider-Man: Homecoming in 0.25x Speed and Here's What I Found
WY1ptfuqWa8,Meet My Blind Boyfriend!
m1t1ooj_Em0,I Instruct My Boyfriend To Paint My Nails But In French
0C80BSgjb8M,YoungBoy Never Broke Again - Kacey talk
aBsvtyygr0g,WHAT MY LIFE IS REALLY LIKE...
jWQNqlZ47Ec,Mo3 & Kevin Gates - Broken Love (Official Video)
xE2f745DICI,David Benavidez vs. Alexis Angulo: Highlights | SHOWTIME CHAMPIONSHIP BOXING
muEW5EwHl08,Scary Moto2‚Ñ¢ crash from every possible angle | 2020 #AustrianGP
ytN366VCGls,Why You Shouldn't Eat Clean: How To Lose Fat More Effectively
e5WUD0g9QHg,2020 XXL Freshman Freestyles Trailer
4fSGeKU5Mvw,Pro Fighters react to Sean O'Malley's injury & loss to Marlon 'Chito' Vera at UFC 252
xNqVgmijpZI,MANCHESTER UNITED vs SEVILLA With MARK GOLDBRIDGE LIVE
b8pSdMHicYw,What Really Happened to Sean O'Malley vs Marlon Chito Vera ü•ä | UFC 252 Full Fight Recap
0opZqh_TprM,"Internet Money - Lemonade ft. Don Toliver, Gunna & Nav (Dir. by @_ColeBennett_)"
6BEfZCH1nN8,IMPORTANT NEWS ABOUT ANNABELLE ‚Äú ESCAPING ‚Äú
5A0hhsYVO1Q,"Braun Strowman uses Alexa Bliss to entice ‚ÄúThe Fiend‚Äù Bray Wyatt: SmackDown, August 14, 2020"
_rJYc_k-w84,ANNABELLE THE DOLL ESCAPED?
oBOKCRuo2y4,TELLING OUR FAMILY WE'RE PREGNANT! *Pregnancy Reactions*
fqT81qdPpOw,P2 - Speedway (Official Music Video)
ANdAEztmFiA,Meet Rampart ‚Äì Apex Legends Character Trailer
YNyFAro1E5M,Polo G - Martin & Gina (Official Video)
oVa90i9OKQg,HOT GIRL RACED ME! (Ferrari 812 Superfast vs Hellcat Redeye)
4YxOo_o006k,WE SURPRISED FAZE RUG WITH THIS ...
FbM1yi4mMMc,I Bought A Private Island
9ZgMQJ29utA,THE KISSING BOOTH 2 - The Worst Sequel Ever Made
_jj_-ElKrdM,BITTEN - by a GIANT CATFISH!
tFZEP1z5Tr4,We have some explaining to do...
FGTRPM2qmR8,The Super Mario Brothers Movie - Cosmonaut Picture Show
zIL7UInPycU,Reaction to Stipe Miocic‚Äôs win vs. Daniel Cormier at UFC 252 | SportsCenter
aS1no1myeTM,Miley Cyrus - Midnight Sky (Official Video)
Biagyb7AcK8,True Facts: The Hummingbird Warrior
8oKYK1MPwhM,TRUMP INTERVIEW ‚Äî A Bad Lip Reading
TqSEETs-gyc,SM6 - Oddity (Official Music Video)
SCUXdRb5abU,Apex Legends Season 6 ‚Äì Boosted Gameplay Trailer
vZA5heWazIQ,Katy Perry - Smile (Official Video)
Db_mZ_2gtLg,Morgan Wallen - 7 Summers (Lyric Video)
_3DHGXgZ-_s,Game Theory: Sonic is TOO Powerful! (Sonic the Hedgehog)
IcqFcBmkSoQ,2020 XXL Freshmen Read Mean Comments
0VJ37Gsmq4Y,BRASA ‚ùå CHANTAL MEDINA - EX (Video Oficial)
7pgY_TpojtU,Snoop Dogg - Nipsey Blue (Official Video)
2qnLZ1azPTo,4 Rotor Dyno made SO MUCH POWER. We couldn't measure it.
KOIgb6lQ1JY,Going On a Date With My CRUSH (awkward)
991WEUcdXoo,POSTPARTUM DEPRESSION IS REAL!!
euiSHuaw6Q4,Nineteen Eighty-Fortnite - #FreeFortnite
zU6YfDu2EIs,2HYPE House Olympics!
1-o42q7yjA4,Dead by Daylight | Chapter XVII Teaser
hid7EJkwDNk,Is The Metric System Actually Better?
3olsPmfbkVU,Weirdest NAIL ART that should NOT Exist
X57qD_LTRgY,Nickelback - The Devil Went Down To Georgia (Cover by Nickelback) [Official Animated Video]
hDp81pUthuo,Ksoo - Been Dead (Official Music Video)
E3tCHMagPOY,Dua Lipa - Levitating (feat. Madonna and Missy Elliott) [The Blessed Madonna Remix] (Official Video)
Chpu86FoLUc,Gerard Pique offers to leave Barcelona after losing 8-2 to Bayern Munich
bHmH2rPZKS0,MurdaGang PB & Go Yayo - RICCO
De0kdCvJ2aA,Money Man - 24 (Audio) (feat. Lil Baby)
_yKoFS4mgHI,SHOOTING AGAINST 16 KEEPERS | IMPOSSIBLE CHALLENGE
9TS1euc3DVw,Stipe Miocic v Daniel Cormier 3 | #UFC252 Highlights
nyzhtvtJWDQ,SuperM ÏäàÌçºÏó† ‚Äò100' MV
_A4tedL3uCw,Barcelona players booed by fans after 8-2 humbling at the hands of Bayern Munich
0wurtsQ31TE,Why Everest Isn't Earth‚Äôs Highest Mountain... sorta
8yqpfLLG_vQ,JAMIE FOXX GAVE ME A BLACK EYE
q4vdACLx-hQ,How America's First Female Detective Saved Abe Lincoln ‚Ä¢ Puppet History
oNu3fYMu28M,"K Shiday & Enchanting - No Luv (feat. Gucci Mane, Big Scarr & Key Glock) [Official Music Video]"
EIzazUv2gtI,The Devil All The Time starring Tom Holland & Robert Pattinson | Official Trailer | Netflix
vOpySfXMe6w,"Opry Livestream - Luke Bryan, Darius Rucker, & host Bobby Bones"
4rjNpA94ly4,UFC 252: Post-fight Press Conference
nPO2XNDFWN0,Trey Songz - Circles [Official Music Video]
korwt6MHfkA,MILEY CYRUS VLOG
7XvVaeVdPnQ,The SIDEMEN play FALL GUYS (Sidemen Gaming)
re4nmwWJrBU,I Bought FAKE James Charles Merch!
O10tb7s1ja4,MAIL ROOM - EP 16: Delta Farce & Prehistoric Creatures
uR6iN7Ty_mc,Me. Painting on Things.
pWoerADzny4,Savannah Dexter - Gottem Talking ft. Adam Calhoun (Official Music Video)
3-2dn0VupZM,Young Dolph - 1 Scale (Audio) ft. G Herbo
279RNoP5UyU,John Legend - Wild (feat. Gary Clark Jr.) (Official Video)
XDCXT7C7lnk,Alicia Keys - So Done (Official Video) ft. Khalid
uROtbSbkaq8,Miscellaneous Myths: The Book Of Invasions
iIDWMpP84jY,We Built a Clear Bed to See Our Cat‚Äôs Toe Beans
G6PZm8vhm6I,Christina Aguilera - Loyal Brave True (From Mulan/Official Video)
L2O-ZLKLhiw,Film Theory: Rick is a Morty CONFIRMED! (Rick and Morty)
qYrELVEGJkg,TWO NEW ALBUMS OUT NOW & I'M CRYING!
Itr3jnGNNEo,he saved my life
So1wxlBfFJk,Animated Spellbook: Health potions
446fgjNuhTQ,[OFFICIAL VIDEO] Happy Now - Pentatonix
dANJlolAYyA,Machine Gun Kelly - concert for aliens (Official Music Video)
ydipwkP8r_Y,[MV] WONHO(ÏõêÌò∏) _ Losing You
VDz87RfzDps,Darell - Booty Call (Official Video) ft. Kevvo
1YlsqNMzaL8,sewing a dress from scratch *project runway i'm ready*
90Mb0sGociQ,SURPRISING VLOG SQUAD WITH CRAZY TATTOO GAME!!
o2L1mnfIjtA,"Barcelona vs Bayern Munich [2-8], Champions League, Quarter-Final - MATCH REVIEW"
x2JkhZd_Kxc,Action Bronson Shakes It Out While Eating Spicy Wings | Hot Ones
uf-36RC6JHE,Lapiz  Conciente - El Descanso Eterno
3WluJtsQEPs,Shenseea - Sure Sure (Official Music Video)
LgJhcGl_h7Y,Summer Walker - White Tee Ft. NO1-NOAH [Official Video]
84lMEGPUmi4,"Is it time for Messi to leave Barca? Gary Lineker, Rio Ferdinand, and Owen Hargreaves discuss"
CNMvPse-P-g,Madden 21 | The Yard Trailer
jqPofJ3tKKM,King Von Why He Told / Took Her To The O (Live Piano Medley) | Fine Tuned
9ZZEiDyzy04,YUNGBLUD with Denzel Curry - Lemonade
b703NY5__pA,Kylie & Corey Take Shots and Toast to Kris...Who's Losing Her Patience | KUWTK Exclusive Look | E!
dX480fsk510,How Hard Fighting Game Combos used to be
bUAxPG3GYi8,Ciara  - Rooted ft. Ester Dean (Official Video)
RA86c9veerc,Cookiee Kawaii & Tyga - Vibe (If I Back It Up) (Official Video)
#NAME?,A Zombie Extra‚Äôs First Day on Set - Key & Peele
uViueiV8fME,The Weeknd Experience - Blinding Lights (Animated Video)
OplU67FMw5U,She Couldn't (Official Audio) - Linkin Park
c-ogahIlhWk,The Ultimate Garden Swing
rYErvhVhlzU,Did Late Night TV Change in 2020?
RuhvdaDabpU,Rico Nasty - IPHONE [Official Music Video]
H7CpOdB2-rg,In defense of CATS
p35UfHw7PPI,Merkules - ''DEMONS'' (Official Video)
uhZE84C5g0M,Meet Matt (Date #4) | Brooklyn's 10 Dates in 10 Days
A3VYsISvUy4,Atalanta vs. PSG | Champions League Quarterfinal Highlights | UCL on CBS Sports
wq5vHxY8kdU,A UNIQUE Start to Training Camp 2020! | Hard Knocks Los Angeles FULL Episode 1
KHeVTRrg4h8,Dana White Addresses Why Conor McGregor is Still in UFC Rankings
waImBy8OMrs,Burna Boy - Level Up (Twice As Tall) (feat. Youssou N'Dour) [Official Audio]
ay-8L8PZ6BI,Toosii - Reminiscing
JCkyKujZplk,Rubi Rose He In His Feelings (Official Music Video)
fnGRjwAst7o,Aquaman - The Worst Superhero Movie Ever Made?
3C66w5Z0ixs,I ASKED HER TO BE MY GIRLFRIEND...
2avPJ9TZNmU,Juice WRLD & The Weeknd - Smile (Official Video)
NvgYhf2LnVI,[Dream SMP War] | Animatic
tjXM6u36O98,MMA Pros React to Chito Vera TKO Sean O'Malley at UFC 252
EDO8Z3O7lus,Biggest Trash Talker EVER Gets EXPOSED BAD! 1v1 Basketball In Arizona!
31JRUvNQnpM,Dua Lipa - Levitating (feat. Madonna and Missy Elliott) [The Blessed Madonna Remix] (Audio)
FctRkKGTaxc,ITZY Not Shy Album Spoiler
5xd9lQ0G78Q,Linkin Park - Hybrid Theory 20th Anniversary Edition | Out October 9
SsWHMAhshPQ,Ovi x Natanael Cano x Aleman x Big Soto - Vengo De Nada [Official Video]
p7HGUZWq_8s,Doing Doja Cat‚Äôs Makeup!!
J78aPJ3VyNs,I left youtube for a month and THIS is what happened.
kXLn3HkpjaA,XXL 2020 Freshman Class Revealed - Official Announcement
W7VK4DUHvKU,"Lil Yachty - Pardon Me ft. Future, Mike WiLL Made-It"
LZj4thUjeaM,The End - Marvel's Agents of S.H.I.E.L.D.
ZOcI_9pAR_A,"Food Theory: The TRUE Cost of Winning $1,000,000 at McDonald's (Monopoly)"
SWlnzF8bFXM,We Buy a Donk Project. Goal: 1000HP! Part 1 of 69
tOQgGQKi-n4,FLETCHER - If I Hated You
hz9_jkrrptU,BTS (Î∞©ÌÉÑÏÜåÎÖÑÎã®) 'BREAK THE SILENCE: THE MOVIE' Official Trailer 1 (30'')
NSuaUok-wTY,[1147] Locksmith Says My Videos Are BS... Loses $75 (Maybe)
VIUo6yapDbc,Ultimate DIY Home Movie Theater for The LaBrant Family!
vJGkkncp3wI,The Blazers Beat Brooklyn in a Thriller to Clinch a Play-In Spot | NBA on TNT
JX3OU5weSOQ,FIFA 21 | Official Career Mode Trailer
JeqNGzsOEaw,UFC 252 Embedded: Vlog Series - Episode 4
w-aidBdvZo8,I Haven't Been Honest About My Injury.. Here's THE TRUTH
M9Pmf9AB4Mo,Apex Legends | Stories from the Outlands ‚Äì ‚ÄúThe Endorsement‚Äù
LrIFp4sAIGo,UNCUT Team TaylorMade Long Drive CONTEST With SIM | TaylorMade Golf
49Z6Mv4_WCA,i don't know what im doing anymore
Que4RnxYLNc,iann dior ‚Äì Prospect ft. Lil Baby (Official Video)
uet14uf9NsE,OUR FIRST FAMILY INTRO!!
bJbAZh3fv0g,Coming Sept. 4 | Mulan | Disney+
gPdUslndvVI,Our Farm Got Destroyed.
ELS5RLbSukU,I Downloaded The World's Hardest Mod!
nt3VVyv5pxQ,Try Not To Laugh Challenge #51
CqRKOY4Cgvw,The new Surface¬†Duo. Do one better.
ua4QMFQATco,CGP Grey was WRONG
AVYBAxqykdE,Mint Mobile Plus
SnsPZj91R7E,SURPRISING MY DAD WITH HIS DREAM TRUCK!! | Louie's Life
OQZ5ht79nEw,Answering Your Assumptions About Us... Merrell Twins
#NAME?,The Weeknd Experience LIVE - Director's Cut (Trailer)
FFt_dffYAtA,"NBA 2K21 Jump Shot Aiming, Quick Draw Gone!"
5WjcDji3xYc,Honest Trailers | Avatar: The Last Airbender
f8T_-E1ViVw,Gunna - WUNNA FLO (feat. Yak Gotti) [Official Video]
FDq9QC206eU,Koffee - Pressure (Lyric Video)
6TIsR_7nrNc,Kylie Jenner Reacts To 'WAP' Music Video Backlash
jbGRowa5tIk,ITZY ‚ÄúNot Shy‚Äù M/V TEASER
I6hswz4rIrU,Rainbow Six Siege: Operation Shadow Legacy Reveal Trailer | Ubisoft [NA]
7g0oEVP1huA,Do Our Parents Approve Of Our Engagement? Q&A With Both Families
KX06ksuS6Xo,Diljit Dosanjh: CLASH (Official) Music Video | G.O.A.T.
GTp-0S82guE,Time to Talk..
W9Aen8hG20Y,When Our Generation Gets Old and Hears a Throwback Song 5
CR4m1Lxpu0A,THE BIGGEST FOOTBALL CHALLENGE EVER!
MqePxS6iyvA,Swimming Pool Stereotypes
b1reY72ktEc,The Russian Revolution - OverSimplified (Part 2)
Cqbleas1mmo,The Russian Revolution - OverSimplified (Part 1)
BRhthZu0L94,NLE Choppa's 2020 XXL Freshman Freestyle
KilybZma5vY,Ozuna x Karol G x Myke Towers - Caramelo Remix  (Video Oficial)
hQq7ZSgvhtU,Democratic National Convention: Day 1
#NAME?,5 Min Crafts: Baking
u-ro5IV_gsc,A Day In My Life!
PRU3qndohWI,Animal Crossing used to be so much darker...
3_SUVj_QshU,The Final Podcast
igT8XYYhkmo,god awful country
wTowEKjDGkU,ITZY ‚ÄúNot Shy‚Äù M/V
kMXXL5fZTEY,2021 Ram 1500 TRX Reveal | The Power Has Shifted
pSIaIPHCQak,NLE Choppa's ABCs
Dn4WxSPmTeU,2 Very Independent Baddies getting ready  or whatevah (FUNNY AF)
NkE0AMGzpJY,"Last To Leave $800,000 Island Keeps It"
DHFvf1YKfNM,Creating The Ultimate Nut Butter
0w4Nts7YpHo,Surprising FaZe Jarvis with His DREAM Fortnite CRUSH
sa5rGfFWhN8,"OMG! 2021 Ram 1500 TRX: HP, 0-60 MPH, Top Speed AND MORE Than Everything You Ever Wanted To Know!"
CsRKOZAu1lc,Lightning strikes seen across SF Bay Area during rare thunderstorm
MZ4JGye4dQU,Dreamcatcher(ÎìúÎ¶ºÏ∫êÏ≥ê) 'BOCA' MV
Vxo8S4kt5Ts,How I lost 15 Pounds (World‚Äôs Easiest Diet)
NvYRj8cPwXk,"The 2021 Ram TRX Is Going To Kick The Ford Raptor‚Äôs BUTT ‚Äî No, You‚Äôre Wrong!"
QcTwbXLMm9c,Dixie's $30k Birthday Gift Mission | Charli D'Amelio
rZUTFDjDZSQ,The Paris Hilton you never knew | This Is Paris (Official Trailer)
aj3SlTgDrdY,DRAGONBALL FighterZ ‚Äì Master Roshi Announcement Trailer
7vR2lPExR00,Rich Brian - Don't Care (Official Music Video)
JrOvJ3229gw,KUWTK Takes on Coronavirus This September | E!
gWVn4jp6Mgo,STILL Reacting To Every Tik Tok Community Before it Gets Banned... I Regret This.
7eQG8mRlYHM,Galaxy Note 20 Ultra Durability Test - What is 'Victus' Glass?
mkF7Ep6gygQ,Letting you know I'm okay... Makeup Therapy | NikkieTutorials
A5tdgQAZuVY,Sean O'Malley's Damaged Foot EXPLAINED (Sean O'Malley vs Marlon Vera)
JFm7YDVlqnI,Drake - Laugh Now Cry Later (Official Music Video) ft. Lil Durk
sE59kPlblPI,‚ÄúLove On Top (from the cast of Pitch Perfect)‚Äù - Official Music Video Benefiting UNICEF
LQLlMi6Wns8,"Irish People Try Celebrity Alcohol (Ryan Reynolds, Aviation Gin)"
y8XvQNt26KI,Unlimited Resources From Space ‚Äì Asteroid Mining
aBsvtyygr0g,WHAT MY LIFE IS REALLY LIKE...
ZU0TbWuIBIQ,WE DID IT! Our Announcement... üë∂
JXyIE7x78Tc,This New Too Faced Foundation...I HAVE THOUGHTS
ymjtB5BrEoM,Ghost of Tsushima: Legends | Announcement Trailer | PS4
sDBODXMrcj8,"76ERS at CELTICS | FULL GAME HIGHLIGHTS | August 17, 2020"
qlDW7UPkon4,I kept her a secret... (The Reveal)
YuCqyvBlcK8,$4 Pancake Vs. $88 Pancake
UYEyhB0AGlw,Crawling Down A Torpedo Tube -US NAVY Nuclear Submarine - Smarter Every Day 241
uUaPFMqwfAk,TRUTH OR DRINK: Boyfriend Expos√© (definitely TMI)
BLXyRlsjQBU,Akon & Vlad Get into Heated Debate Over Akon Doing 'Locked Up 2' with Tekashi (Part 7)
OcXbdD_KyDo,POP-STAR - ROCKSTAR Parody
XD6zGTNTy0Q,SIDEMEN GUESS THE FAKE RAPPER
CXEDkqVCRvI,"Sean O'Malley reacts to his TKO loss to Chito Vera at UFC 252, Michael Chandler on joining the UFC"
B_Z4_wEs3q0,"Does Slapping A Chicken 100,000 Times Cook It?"
HaeWIOYSxn4,Introducing Fudgy the Golden Retriever Puppy
F63Sldex_8I,Uncle Roger LOVE this Crazy Chinese Cooking Video
5EmogAQjN0w,Monstermax Grenades Climbing a 200ft Dune
aoki_izFGOg,MY NEW IRONS | LOVE THEM
rhAhi9PKKwY,Real Shaolin Disciple Reacts to Fake Martial Arts
Xmd7yQvEqPg,Sean O'Malley Devastating Foot Injury at UFC 252 - Doctor Explains What Happened!
TTK_h-RTP-w,Pregnancy Result...?!
8eNcqqvVyxI,We blew it! Inflating a tubeless bike tire until it fails catastrophically
vwnyP6979xE,Manchester City vs. Lyon | Champions League Quarterfinal Highlights | UCL on CBS Sports
WS18WGCUSng,Apex Legends Season 6 ‚Äì Battle Pass Trailer
dYZlrfarCIs,Barcelona vs. Bayern Munich | Champions League Quarterfinal Highlights | UCL on CBS Sports
7mH-ug3Dgo8,UFC 252 Highlights | Miocic retains heavyweight title with decisive win over Cormier | CBS Sports HQ
GTwCNXEELOM,Linkin Park Music Pack on Beat Saber (Trailer)
qfAx5Rz3wF8,I Watched Spider-Man: Homecoming in 0.25x Speed and Here's What I Found
5NNO5Kb-PZo,Dope Tech: The iPad Pro Killer?!
ozWNPkhqi8o,the boys read mean tweets
baJL6bXVJfE,We've Moved To Canada
BXe19AboYL4,How Anime Affected My Social Life
q3eFt05hJ_8,No Swiping - Rooster Teeth Animated Adventures
qDFjsMFojzs,Orgy üëÖ Palette & Collection Reveal! | Jeffree Star Cosmetics
MylGm1adUzo,Ghost of Tsushima Shocks Internet With Free Co-Op Multiplayer Mode
jWQNqlZ47Ec,Mo3 & Kevin Gates - Broken Love (Official Video)
WY1ptfuqWa8,Meet My Blind Boyfriend!
muEW5EwHl08,Scary Moto2‚Ñ¢ crash from every possible angle | 2020 #AustrianGP
m1t1ooj_Em0,I Instruct My Boyfriend To Paint My Nails But In French
0C80BSgjb8M,YoungBoy Never Broke Again - Kacey talk
ytN366VCGls,Why You Shouldn't Eat Clean: How To Lose Fat More Effectively
AtOijk1pNvM,Lakers vs. Trail Blazers an intriguing 1st-round NBA playoffs matchup | SportsCenter
xE2f745DICI,David Benavidez vs. Alexis Angulo: Highlights | SHOWTIME CHAMPIONSHIP BOXING
Fo0Ky9tiUUg,I Got a 3D PIXEL ART Maker - Awful or Amazing?...
jmFd8oF_ipc,Dwyane Wade Explains Why People Hated LeBron James In Miami | OM3 Podcast w/ JJ Redick & Tommy Alter
4fSGeKU5Mvw,Pro Fighters react to Sean O'Malley's injury & loss to Marlon 'Chito' Vera at UFC 252
0opZqh_TprM,"Internet Money - Lemonade ft. Don Toliver, Gunna & Nav (Dir. by @_ColeBennett_)"
wwQGcrieqNU,Every Barbecue Ever
oVa90i9OKQg,HOT GIRL RACED ME! (Ferrari 812 Superfast vs Hellcat Redeye)
xNqVgmijpZI,MANCHESTER UNITED vs SEVILLA With MARK GOLDBRIDGE LIVE
b8pSdMHicYw,What Really Happened to Sean O'Malley vs Marlon Chito Vera ü•ä | UFC 252 Full Fight Recap
oBOKCRuo2y4,TELLING OUR FAMILY WE'RE PREGNANT! *Pregnancy Reactions*
6BEfZCH1nN8,IMPORTANT NEWS ABOUT ANNABELLE ‚Äú ESCAPING ‚Äú
5A0hhsYVO1Q,"Braun Strowman uses Alexa Bliss to entice ‚ÄúThe Fiend‚Äù Bray Wyatt: SmackDown, August 14, 2020"
_rJYc_k-w84,ANNABELLE THE DOLL ESCAPED?
ANdAEztmFiA,Meet Rampart ‚Äì Apex Legends Character Trailer
fqT81qdPpOw,P2 - Speedway (Official Music Video)
YNyFAro1E5M,Polo G - Martin & Gina (Official Video)
4YxOo_o006k,WE SURPRISED FAZE RUG WITH THIS ...
_jj_-ElKrdM,BITTEN - by a GIANT CATFISH!
9ZgMQJ29utA,THE KISSING BOOTH 2 - The Worst Sequel Ever Made
JJ9qodnOS2M,Zuko Fights for Honor in DEATH BATTLE!
tFZEP1z5Tr4,We have some explaining to do...
FGTRPM2qmR8,The Super Mario Brothers Movie - Cosmonaut Picture Show
FbM1yi4mMMc,I Bought A Private Island
aS1no1myeTM,Miley Cyrus - Midnight Sky (Official Video)
Biagyb7AcK8,True Facts: The Hummingbird Warrior
8oKYK1MPwhM,TRUMP INTERVIEW ‚Äî A Bad Lip Reading
vZA5heWazIQ,Katy Perry - Smile (Official Video)
TqSEETs-gyc,SM6 - Oddity (Official Music Video)
Db_mZ_2gtLg,Morgan Wallen - 7 Summers (Lyric Video)
IcqFcBmkSoQ,2020 XXL Freshmen Read Mean Comments
0VJ37Gsmq4Y,BRASA ‚ùå CHANTAL MEDINA - EX (Video Oficial)
7pgY_TpojtU,Snoop Dogg - Nipsey Blue (Official Video)
hid7EJkwDNk,Is The Metric System Actually Better?
2qnLZ1azPTo,4 Rotor Dyno made SO MUCH POWER. We couldn't measure it.
zIL7UInPycU,Reaction to Stipe Miocic‚Äôs win vs. Daniel Cormier at UFC 252 | SportsCenter
_3DHGXgZ-_s,Game Theory: Sonic is TOO Powerful! (Sonic the Hedgehog)
zU6YfDu2EIs,2HYPE House Olympics!
KOIgb6lQ1JY,Going On a Date With My CRUSH (awkward)
991WEUcdXoo,POSTPARTUM DEPRESSION IS REAL!!
X57qD_LTRgY,Nickelback - The Devil Went Down To Georgia (Cover by Nickelback) [Official Animated Video]
3olsPmfbkVU,Weirdest NAIL ART that should NOT Exist
hDp81pUthuo,Ksoo - Been Dead (Official Music Video)
euiSHuaw6Q4,Nineteen Eighty-Fortnite - #FreeFortnite
1-o42q7yjA4,Dead by Daylight | Chapter XVII Teaser
SCUXdRb5abU,Apex Legends Season 6 ‚Äì Boosted Gameplay Trailer
E3tCHMagPOY,Dua Lipa - Levitating (feat. Madonna and Missy Elliott) [The Blessed Madonna Remix] (Official Video)
De0kdCvJ2aA,Money Man - 24 (Audio) (feat. Lil Baby)
bHmH2rPZKS0,MurdaGang PB & Go Yayo - RICCO
Chpu86FoLUc,Gerard Pique offers to leave Barcelona after losing 8-2 to Bayern Munich
_yKoFS4mgHI,SHOOTING AGAINST 16 KEEPERS | IMPOSSIBLE CHALLENGE
oNu3fYMu28M,"K Shiday & Enchanting - No Luv (feat. Gucci Mane, Big Scarr & Key Glock) [Official Music Video]"
nyzhtvtJWDQ,SuperM ÏäàÌçºÏó† ‚Äò100' MV
_A4tedL3uCw,Barcelona players booed by fans after 8-2 humbling at the hands of Bayern Munich
0wurtsQ31TE,Why Everest Isn't Earth‚Äôs Highest Mountain... sorta
q4vdACLx-hQ,How America's First Female Detective Saved Abe Lincoln ‚Ä¢ Puppet History
8yqpfLLG_vQ,JAMIE FOXX GAVE ME A BLACK EYE
9TS1euc3DVw,Stipe Miocic v Daniel Cormier 3 | #UFC252 Highlights
nPO2XNDFWN0,Trey Songz - Circles [Official Music Video]
EIzazUv2gtI,The Devil All The Time starring Tom Holland & Robert Pattinson | Official Trailer | Netflix
7XvVaeVdPnQ,The SIDEMEN play FALL GUYS (Sidemen Gaming)
4rjNpA94ly4,UFC 252: Post-fight Press Conference
vOpySfXMe6w,"Opry Livestream - Luke Bryan, Darius Rucker, & host Bobby Bones"
L2O-ZLKLhiw,Film Theory: Rick is a Morty CONFIRMED! (Rick and Morty)
korwt6MHfkA,MILEY CYRUS VLOG
re4nmwWJrBU,I Bought FAKE James Charles Merch!
XDCXT7C7lnk,Alicia Keys - So Done (Official Video) ft. Khalid
pWoerADzny4,Savannah Dexter - Gottem Talking ft. Adam Calhoun (Official Music Video)
G6PZm8vhm6I,Christina Aguilera - Loyal Brave True (From Mulan/Official Video)
279RNoP5UyU,John Legend - Wild (feat. Gary Clark Jr.) (Official Video)
iIDWMpP84jY,We Built a Clear Bed to See Our Cat‚Äôs Toe Beans
uROtbSbkaq8,Miscellaneous Myths: The Book Of Invasions
uR6iN7Ty_mc,Me. Painting on Things.
3-2dn0VupZM,Young Dolph - 1 Scale (Audio) ft. G Herbo
qYrELVEGJkg,TWO NEW ALBUMS OUT NOW & I'M CRYING!
O10tb7s1ja4,MAIL ROOM - EP 16: Delta Farce & Prehistoric Creatures
Itr3jnGNNEo,he saved my life
446fgjNuhTQ,[OFFICIAL VIDEO] Happy Now - Pentatonix
dANJlolAYyA,Machine Gun Kelly - concert for aliens (Official Music Video)
So1wxlBfFJk,Animated Spellbook: Health potions
VDz87RfzDps,Darell - Booty Call (Official Video) ft. Kevvo
ydipwkP8r_Y,[MV] WONHO(ÏõêÌò∏) _ Losing You
1YlsqNMzaL8,sewing a dress from scratch *project runway i'm ready*
84lMEGPUmi4,"Is it time for Messi to leave Barca? Gary Lineker, Rio Ferdinand, and Owen Hargreaves discuss"
90Mb0sGociQ,SURPRISING VLOG SQUAD WITH CRAZY TATTOO GAME!!
x2JkhZd_Kxc,Action Bronson Shakes It Out While Eating Spicy Wings | Hot Ones
3WluJtsQEPs,Shenseea - Sure Sure (Official Music Video)
LgJhcGl_h7Y,Summer Walker - White Tee Ft. NO1-NOAH [Official Video]
uf-36RC6JHE,Lapiz  Conciente - El Descanso Eterno
o2L1mnfIjtA,"Barcelona vs Bayern Munich [2-8], Champions League, Quarter-Final - MATCH REVIEW"
9ZZEiDyzy04,YUNGBLUD with Denzel Curry - Lemonade
CNMvPse-P-g,Madden 21 | The Yard Trailer
jqPofJ3tKKM,King Von Why He Told / Took Her To The O (Live Piano Medley) | Fine Tuned
b703NY5__pA,Kylie & Corey Take Shots and Toast to Kris...Who's Losing Her Patience | KUWTK Exclusive Look | E!
RA86c9veerc,Cookiee Kawaii & Tyga - Vibe (If I Back It Up) (Official Video)
uViueiV8fME,The Weeknd Experience - Blinding Lights (Animated Video)
dX480fsk510,How Hard Fighting Game Combos used to be
bUAxPG3GYi8,Ciara  - Rooted ft. Ester Dean (Official Video)
#NAME?,A Zombie Extra‚Äôs First Day on Set - Key & Peele
OplU67FMw5U,She Couldn't (Official Audio) - Linkin Park
c-ogahIlhWk,The Ultimate Garden Swing
RuhvdaDabpU,Rico Nasty - IPHONE [Official Music Video]
rYErvhVhlzU,Did Late Night TV Change in 2020?
p35UfHw7PPI,Merkules - ''DEMONS'' (Official Video)
H7CpOdB2-rg,In defense of CATS
wq5vHxY8kdU,A UNIQUE Start to Training Camp 2020! | Hard Knocks Los Angeles FULL Episode 1
waImBy8OMrs,Burna Boy - Level Up (Twice As Tall) (feat. Youssou N'Dour) [Official Audio]
uhZE84C5g0M,Meet Matt (Date #4) | Brooklyn's 10 Dates in 10 Days
ay-8L8PZ6BI,Toosii - Reminiscing
KHeVTRrg4h8,Dana White Addresses Why Conor McGregor is Still in UFC Rankings
A3VYsISvUy4,Atalanta vs. PSG | Champions League Quarterfinal Highlights | UCL on CBS Sports
JCkyKujZplk,Rubi Rose He In His Feelings (Official Music Video)
fnGRjwAst7o,Aquaman - The Worst Superhero Movie Ever Made?
2avPJ9TZNmU,Juice WRLD & The Weeknd - Smile (Official Video)
NvgYhf2LnVI,[Dream SMP War] | Animatic
3C66w5Z0ixs,I ASKED HER TO BE MY GIRLFRIEND...
EDO8Z3O7lus,Biggest Trash Talker EVER Gets EXPOSED BAD! 1v1 Basketball In Arizona!
tjXM6u36O98,MMA Pros React to Chito Vera TKO Sean O'Malley at UFC 252
31JRUvNQnpM,Dua Lipa - Levitating (feat. Madonna and Missy Elliott) [The Blessed Madonna Remix] (Audio)
FctRkKGTaxc,ITZY Not Shy Album Spoiler
5xd9lQ0G78Q,Linkin Park - Hybrid Theory 20th Anniversary Edition | Out October 9
SsWHMAhshPQ,Ovi x Natanael Cano x Aleman x Big Soto - Vengo De Nada [Official Video]
J78aPJ3VyNs,I left youtube for a month and THIS is what happened.
oxoWhyS9buA,BTS (Î∞©ÌÉÑÏÜåÎÖÑÎã®) 'Dynamite' Official Teaser
MqePxS6iyvA,Swimming Pool Stereotypes
NuExff4-ty4,my overdue apology.
jAQ6451SE8A,Showing My Friends Our  New Collection | Charli D'Amelio
b1reY72ktEc,The Russian Revolution - OverSimplified (Part 2)
POMaMQ8wgyk,Polo G's 2020 XXL Freshman Freestyle
lkBI8fNStMM,Polo G - Martin & Gina (Official Video)- REACTION w/ Polo G
oLANayJXv4I,Democratic National Convention: Day 2
qojvO0E0z_Y,Drake - Laugh Now Cry Later (Official Lyric Video) ft. Lil Durk
WCo2rcc97AQ,Ellen DeGeneres Tearfully Announces Talk Show Exits
Cqbleas1mmo,The Russian Revolution - OverSimplified (Part 1)
IGTLRMFrCco,I SWEAR TO GUARD!! (ft Young Don)
Mw8E1Fwf5_I,AOC delivers highly-anticipated 90-second speech endorsing Sanders at DNC
KilybZma5vY,Ozuna x Karol G x Myke Towers - Caramelo Remix  (Video Oficial)
wd4e9qX-ZZs,New video gives up close view of shoving match between Raptors exec and Alameda Co. sheriff's deputy
zUPUle3r390,Shaq Issues A Challenge To Anthony Davis After Lakers Game 1 Loss to Portland | NBA on TNT
r6W6W0wTxws,Toosii - Push Start (Official Music Video)
z_LdKL0drkA,Twins Swap Birthday Gift Exchange - Merrell Twins
1niAIYz6JZg,How Tupac Helped Master P At The Start Of His Career | No Limit Chronicles Ep 2
u-ro5IV_gsc,A Day In My Life!
hQq7ZSgvhtU,Democratic National Convention: Day 1
#NAME?,5 Min Crafts: Baking
BRhthZu0L94,NLE Choppa's 2020 XXL Freshman Freestyle
jTMJK7wb0rM,Starlink Mission
gHPubcpGkrk,"TRAIL BLAZERS at LAKERS | FULL GAME HIGHLIGHTS | August 18, 2020"
UUOGVgComrU,TXT (Ìà¨Î™®Î°úÏö∞Î∞îÏù¥Ìà¨Í≤åÎçî) 'Drama [Japanese Ver.]' Official MV
NY3Zg37nIHo,Joe Rogan Experience #1527 - David Blaine
eS4QgTifeFY,I Adopted a Child for a Day!
XB6k7PC-CWM,Prayers For LeToya Luckett | RSMS
FTKP0Y9MVus,CD / Color
PRU3qndohWI,Animal Crossing used to be so much darker...
3_SUVj_QshU,The Final Podcast
JIqNeCbxICU,The Insanely Revealing Frozen 2 Behind-the-Scenes Documentary
igT8XYYhkmo,god awful country
wTowEKjDGkU,ITZY ‚ÄúNot Shy‚Äù M/V
jn5M48MVWyg,Is Dust Mostly Dead Skin?
kMXXL5fZTEY,2021 Ram 1500 TRX Reveal | The Power Has Shifted
aBsvtyygr0g,WHAT MY LIFE IS REALLY LIKE...
nPiebsSuKCI,RB Leipzig vs Paris Saint-Germain | Champions League semifinal highlights | UCL on CBS Sports
RHPRUe-aZHA,SuperM ÏäàÌçºÏó† '100' MV Reaction
qbUCnpJRCZg,"THUNDER at ROCKETS | FULL GAME HIGHLIGHTS | August 18, 2020"
UrwRsuqhK88,"MAGIC at BUCKS | FULL GAME HIGHLIGHTS | August 18, 2020"
bGhtSsYl_Jo,Which of these clubs would Lionel Messi leave Barcelona for? ‚ñ∫ 442oons
DHFvf1YKfNM,Creating The Ultimate Nut Butter
SD0-owuwDpE,ITZY Not Shy @ LIVE PREMIERE
b-0BSwQg540,Michelle Obama's Speech at the 2020 Democratic National Convention
Dn4WxSPmTeU,2 Very Independent Baddies getting ready  or whatevah (FUNNY AF)
zid3RxWQbVg,Why UPS Trucks Almost Never Turn Left
uJz3d7zusqk,We Try the World's Weirdest Pies (Eat It or Yeet It #15)
k4m394M7ZGY,Work It is pretty dumb...
z2DAfhsg0I8,I have something really big to announce.
0w4Nts7YpHo,Surprising FaZe Jarvis with His DREAM Fortnite CRUSH
NkE0AMGzpJY,"Last To Leave $800,000 Island Keeps It"
sa5rGfFWhN8,"OMG! 2021 Ram 1500 TRX: HP, 0-60 MPH, Top Speed AND MORE Than Everything You Ever Wanted To Know!"
7vR2lPExR00,Rich Brian - Don't Care (Official Music Video)
rZUTFDjDZSQ,The Paris Hilton you never knew | This Is Paris (Official Trailer)
MZ4JGye4dQU,Dreamcatcher(ÎìúÎ¶ºÏ∫êÏ≥ê) 'BOCA' MV
sE59kPlblPI,‚ÄúLove On Top (from the cast of Pitch Perfect)‚Äù - Official Music Video Benefiting UNICEF
MlG8nBGs3z8,SEC Shorts - Dramatic 2020 season road trip has a hard time getting started
4y0hNMccOEM,Stephen A. reacts to Kristaps Porzingis getting ejected in Game 1 vs. the Clippers | First Take
NvYRj8cPwXk,"The 2021 Ram TRX Is Going To Kick The Ford Raptor‚Äôs BUTT ‚Äî No, You‚Äôre Wrong!"
Vxo8S4kt5Ts,How I lost 15 Pounds (World‚Äôs Easiest Diet)
IFYqqgWNT-Q,Skip & Shannon react to Clippers Game 1 win over Mavericks & Porzingis ejection | NBA | UNDISPUTED
CsRKOZAu1lc,Lightning strikes seen across SF Bay Area during rare thunderstorm
QcTwbXLMm9c,Dixie's $30k Birthday Gift Mission | Charli D'Amelio
toY8nBdJOg8,"Rey & Dominik Mysterio fight off Seth Rollins & Murphy: Raw, Aug. 17, 2020"
7eQG8mRlYHM,Galaxy Note 20 Ultra Durability Test - What is 'Victus' Glass?
gWVn4jp6Mgo,STILL Reacting To Every Tik Tok Community Before it Gets Banned... I Regret This.
mAic0BRNz-U,2021 Ram 1500 TRX | Sandman
LQLlMi6Wns8,Irish People Try Celebrity Alcohol
aj3SlTgDrdY,DRAGONBALL FighterZ ‚Äì Master Roshi Announcement Trailer
MRvHI8tgx8A,Everlong by the Foo Fighters Drum Cover
JFm7YDVlqnI,Drake - Laugh Now Cry Later (Official Music Video) ft. Lil Durk
mkF7Ep6gygQ,Letting you know I'm okay... Makeup Therapy | NikkieTutorials
A5tdgQAZuVY,Sean O'Malley's Damaged Foot EXPLAINED (Sean O'Malley vs Marlon Vera)
y8XvQNt26KI,Unlimited Resources From Space ‚Äì Asteroid Mining
JrOvJ3229gw,KUWTK Takes on Coronavirus This September | E!
JXyIE7x78Tc,This New Too Faced Foundation...I HAVE THOUGHTS
YuCqyvBlcK8,$4 Pancake Vs. $88 Pancake
ymjtB5BrEoM,Ghost of Tsushima: Legends | Announcement Trailer | PS4
rhAhi9PKKwY,Real Shaolin Disciple Reacts to Fake Martial Arts
UYEyhB0AGlw,Crawling Down A Torpedo Tube -US NAVY Nuclear Submarine - Smarter Every Day 241
OcXbdD_KyDo,POP-STAR - ROCKSTAR Parody
uUaPFMqwfAk,TRUTH OR DRINK: Boyfriend Expos√© (definitely TMI)
XD6zGTNTy0Q,SIDEMEN GUESS THE FAKE RAPPER
qlDW7UPkon4,I kept her a secret... (The Reveal)
5EmogAQjN0w,Monstermax Grenades Climbing a 200ft Dune
ZU0TbWuIBIQ,WE DID IT! Our Announcement... üë∂
B_Z4_wEs3q0,"Does Slapping A Chicken 100,000 Times Cook It?"
qfAx5Rz3wF8,I Watched Spider-Man: Homecoming in 0.25x Speed and Here's What I Found
F63Sldex_8I,Uncle Roger LOVE this Crazy Chinese Cooking Video
CXEDkqVCRvI,"Sean O'Malley reacts to his TKO loss to Chito Vera at UFC 252, Michael Chandler on joining the UFC"
HaeWIOYSxn4,Introducing Fudgy the Golden Retriever Puppy
BLXyRlsjQBU,Akon & Vlad Get into Heated Debate Over Akon Doing 'Locked Up 2' with Tekashi (Part 7)
GTwCNXEELOM,Linkin Park Music Pack on Beat Saber (Trailer)
Xmd7yQvEqPg,Sean O'Malley Devastating Foot Injury at UFC 252 - Doctor Explains What Happened!
TTK_h-RTP-w,Pregnancy Result...?!
aoki_izFGOg,MY NEW IRONS | LOVE THEM
8eNcqqvVyxI,We blew it! Inflating a tubeless bike tire until it fails catastrophically
WS18WGCUSng,Apex Legends Season 6 ‚Äì Battle Pass Trailer
dYZlrfarCIs,Barcelona vs. Bayern Munich | Champions League Quarterfinal Highlights | UCL on CBS Sports
vwnyP6979xE,Manchester City vs. Lyon | Champions League Quarterfinal Highlights | UCL on CBS Sports
ozWNPkhqi8o,the boys read mean tweets
RS7O1Rar1E8,BACK TOGETHER AGAIN üíï Ready to take on the 7 Seas.
7mH-ug3Dgo8,UFC 252 Highlights | Miocic retains heavyweight title with decisive win over Cormier | CBS Sports HQ
BXe19AboYL4,How Anime Affected My Social Life
baJL6bXVJfE,We've Moved To Canada
q3eFt05hJ_8,No Swiping - Rooster Teeth Animated Adventures
jWQNqlZ47Ec,Mo3 & Kevin Gates - Broken Love (Official Video)
qDFjsMFojzs,Orgy üëÖ Palette & Collection Reveal! | Jeffree Star Cosmetics
ytN366VCGls,Why You Shouldn't Eat Clean: How To Lose Fat More Effectively
0C80BSgjb8M,YoungBoy Never Broke Again - Kacey talk
MylGm1adUzo,Ghost of Tsushima Shocks Internet With Free Co-Op Multiplayer Mode
m1t1ooj_Em0,I Instruct My Boyfriend To Paint My Nails But In French
Fo0Ky9tiUUg,I Got a 3D PIXEL ART Maker - Awful or Amazing?...
WY1ptfuqWa8,Meet My Blind Boyfriend!
AtOijk1pNvM,Lakers vs. Trail Blazers an intriguing 1st-round NBA playoffs matchup | SportsCenter
muEW5EwHl08,Scary Moto2‚Ñ¢ crash from every possible angle | 2020 #AustrianGP
5NNO5Kb-PZo,Dope Tech: The iPad Pro Killer?!
xE2f745DICI,David Benavidez vs. Alexis Angulo: Highlights | SHOWTIME CHAMPIONSHIP BOXING
0opZqh_TprM,"Internet Money - Lemonade ft. Don Toliver, Gunna & Nav (Dir. by @_ColeBennett_)"
wwQGcrieqNU,Every Barbecue Ever
4fSGeKU5Mvw,Pro Fighters react to Sean O'Malley's injury & loss to Marlon 'Chito' Vera at UFC 252
oBOKCRuo2y4,TELLING OUR FAMILY WE'RE PREGNANT! *Pregnancy Reactions*
oVa90i9OKQg,HOT GIRL RACED ME! (Ferrari 812 Superfast vs Hellcat Redeye)
6BEfZCH1nN8,IMPORTANT NEWS ABOUT ANNABELLE ‚Äú ESCAPING ‚Äú
_rJYc_k-w84,ANNABELLE THE DOLL ESCAPED?
5A0hhsYVO1Q,"Braun Strowman uses Alexa Bliss to entice ‚ÄúThe Fiend‚Äù Bray Wyatt: SmackDown, August 14, 2020"
xNqVgmijpZI,MANCHESTER UNITED vs SEVILLA With MARK GOLDBRIDGE LIVE
b8pSdMHicYw,What Really Happened to Sean O'Malley vs Marlon Chito Vera ü•ä | UFC 252 Full Fight Recap
ANdAEztmFiA,Meet Rampart ‚Äì Apex Legends Character Trailer
YNyFAro1E5M,Polo G - Martin & Gina (Official Video)
_jj_-ElKrdM,BITTEN - by a GIANT CATFISH!
fqT81qdPpOw,P2 - Speedway (Official Music Video)
JJ9qodnOS2M,Zuko Fights for Honor in DEATH BATTLE!
4YxOo_o006k,WE SURPRISED FAZE RUG WITH THIS ...
9ZgMQJ29utA,THE KISSING BOOTH 2 - The Worst Sequel Ever Made
jmFd8oF_ipc,Dwyane Wade Explains Why People Hated LeBron James In Miami | OM3 Podcast w/ JJ Redick & Tommy Alter
aS1no1myeTM,Miley Cyrus - Midnight Sky (Official Video)
FGTRPM2qmR8,The Super Mario Brothers Movie - Cosmonaut Picture Show
vZA5heWazIQ,Katy Perry - Smile (Official Video)
8oKYK1MPwhM,TRUMP INTERVIEW ‚Äî A Bad Lip Reading
Biagyb7AcK8,True Facts: The Hummingbird Warrior
Db_mZ_2gtLg,Morgan Wallen - 7 Summers (Lyric Video)
tFZEP1z5Tr4,We have some explaining to do...
FbM1yi4mMMc,I Bought A Private Island
TqSEETs-gyc,SM6 - Oddity (Official Music Video)
hid7EJkwDNk,Is The Metric System Actually Better?
7pgY_TpojtU,Snoop Dogg - Nipsey Blue (Official Video)
0VJ37Gsmq4Y,BRASA ‚ùå CHANTAL MEDINA - EX (Video Oficial)
X57qD_LTRgY,Nickelback - The Devil Went Down To Georgia (Cover by Nickelback) [Official Animated Video]
zU6YfDu2EIs,2HYPE House Olympics!
hDp81pUthuo,Ksoo - Been Dead (Official Music Video)
2qnLZ1azPTo,4 Rotor Dyno made SO MUCH POWER. We couldn't measure it.
991WEUcdXoo,POSTPARTUM DEPRESSION IS REAL!!
KOIgb6lQ1JY,Going On a Date With My CRUSH (awkward)
1-o42q7yjA4,Dead by Daylight | Chapter XVII Teaser
E3tCHMagPOY,Dua Lipa - Levitating (feat. Madonna and Missy Elliott) [The Blessed Madonna Remix] (Official Video)
3olsPmfbkVU,Weirdest NAIL ART that should NOT Exist
De0kdCvJ2aA,Money Man - 24 (Audio) (feat. Lil Baby)
bHmH2rPZKS0,MurdaGang PB & Go Yayo - RICCO
euiSHuaw6Q4,Nineteen Eighty-Fortnite - #FreeFortnite
_yKoFS4mgHI,SHOOTING AGAINST 16 KEEPERS | IMPOSSIBLE CHALLENGE
Chpu86FoLUc,Gerard Pique offers to leave Barcelona after losing 8-2 to Bayern Munich
SCUXdRb5abU,Apex Legends Season 6 ‚Äì Boosted Gameplay Trailer
_3DHGXgZ-_s,Game Theory: Sonic is TOO Powerful! (Sonic the Hedgehog)
oNu3fYMu28M,"K Shiday & Enchanting - No Luv (feat. Gucci Mane, Big Scarr & Key Glock) [Official Music Video]"
nyzhtvtJWDQ,SuperM ÏäàÌçºÏó† ‚Äò100' MV
0wurtsQ31TE,Why Everest Isn't Earth‚Äôs Highest Mountain... sorta
q4vdACLx-hQ,How America's First Female Detective Saved Abe Lincoln ‚Ä¢ Puppet History
nPO2XNDFWN0,Trey Songz - Circles [Official Music Video]
8yqpfLLG_vQ,JAMIE FOXX GAVE ME A BLACK EYE
_A4tedL3uCw,Barcelona players booed by fans after 8-2 humbling at the hands of Bayern Munich
7XvVaeVdPnQ,The SIDEMEN play FALL GUYS (Sidemen Gaming)
9TS1euc3DVw,Stipe Miocic v Daniel Cormier 3 | #UFC252 Highlights
EIzazUv2gtI,The Devil All The Time starring Tom Holland & Robert Pattinson | Official Trailer | Netflix
4rjNpA94ly4,UFC 252: Post-fight Press Conference
re4nmwWJrBU,I Bought FAKE James Charles Merch!
vOpySfXMe6w,"Opry Livestream - Luke Bryan, Darius Rucker, & host Bobby Bones"
korwt6MHfkA,MILEY CYRUS VLOG
L2O-ZLKLhiw,Film Theory: Rick is a Morty CONFIRMED! (Rick and Morty)
XDCXT7C7lnk,Alicia Keys - So Done (Official Video) ft. Khalid
zIL7UInPycU,Reaction to Stipe Miocic‚Äôs win vs. Daniel Cormier at UFC 252 | SportsCenter
G6PZm8vhm6I,Christina Aguilera - Loyal Brave True (From Mulan/Official Video)
pWoerADzny4,Savannah Dexter - Gottem Talking ft. Adam Calhoun (Official Music Video)
279RNoP5UyU,John Legend - Wild (feat. Gary Clark Jr.) (Official Video)
iIDWMpP84jY,We Built a Clear Bed to See Our Cat‚Äôs Toe Beans
uROtbSbkaq8,Miscellaneous Myths: The Book Of Invasions
3-2dn0VupZM,Young Dolph - 1 Scale (Audio) ft. G Herbo
446fgjNuhTQ,[OFFICIAL VIDEO] Happy Now - Pentatonix
Itr3jnGNNEo,he saved my life
VDz87RfzDps,Darell - Booty Call (Official Video) ft. Kevvo
qYrELVEGJkg,TWO NEW ALBUMS OUT NOW & I'M CRYING!
dANJlolAYyA,Machine Gun Kelly - concert for aliens
So1wxlBfFJk,Animated Spellbook: Health potions
uR6iN7Ty_mc,Me. Painting on Things.
ydipwkP8r_Y,[MV] WONHO(ÏõêÌò∏) _ Losing You
O10tb7s1ja4,MAIL ROOM - EP 16: Delta Farce & Prehistoric Creatures
1YlsqNMzaL8,sewing a dress from scratch *project runway i'm ready*
90Mb0sGociQ,SURPRISING VLOG SQUAD WITH CRAZY TATTOO GAME!!